-- phpMyAdmin SQL Dump
-- version 5.2.1
-- https://www.phpmyadmin.net/
--
-- Máy chủ: 127.0.0.1
-- Thời gian đã tạo: Th6 30, 2025 lúc 05:09 PM
-- Phiên bản máy phục vụ: 10.4.32-MariaDB
-- Phiên bản PHP: 8.2.12

SET SQL_MODE = "NO_AUTO_VALUE_ON_ZERO";
START TRANSACTION;
SET time_zone = "+00:00";


/*!40101 SET @OLD_CHARACTER_SET_CLIENT=@@CHARACTER_SET_CLIENT */;
/*!40101 SET @OLD_CHARACTER_SET_RESULTS=@@CHARACTER_SET_RESULTS */;
/*!40101 SET @OLD_COLLATION_CONNECTION=@@COLLATION_CONNECTION */;
/*!40101 SET NAMES utf8mb4 */;

--
-- Cơ sở dữ liệu: `product`
--

-- --------------------------------------------------------

--
-- Cấu trúc bảng cho bảng `order_logs`
--

CREATE TABLE `order_logs` (
  `id` int(11) NOT NULL,
  `order_id` int(11) NOT NULL,
  `staff_id` int(10) DEFAULT NULL,
  `action` varchar(255) NOT NULL,
  `notes` text DEFAULT NULL,
  `log_time` datetime DEFAULT current_timestamp(),
  `customer_id` int(11) DEFAULT NULL
) ENGINE=InnoDB DEFAULT CHARSET=utf8mb4 COLLATE=utf8mb4_unicode_ci;

--
-- Đang đổ dữ liệu cho bảng `order_logs`
--

INSERT INTO `order_logs` (`id`, `order_id`, `staff_id`, `action`, `notes`, `log_time`, `customer_id`) VALUES
(1, 30, 0, 'payment_confirmed', 'Khách hàng đã xác nhận chuyển khoản', '2025-06-28 22:46:48', 1),
(2, 31, 0, 'payment_confirmed', 'Khách hàng đã xác nhận chuyển khoản', '2025-06-29 10:40:46', 1),
(3, 36, 0, 'payment_confirmed', 'Khách hàng đã xác nhận chuyển khoản', '2025-06-29 19:25:39', 1),
(4, 38, 0, 'payment_confirmed', 'Khách hàng đã xác nhận chuyển khoản', '2025-06-29 20:02:54', 3),
(5, 39, 0, 'payment_confirmed', 'Khách hàng đã xác nhận chuyển khoản', '2025-06-29 20:10:04', 3),
(6, 42, 0, 'payment_confirmed', 'Khách hàng đã xác nhận chuyển khoản', '2025-06-30 06:43:08', 3),
(7, 44, 0, 'payment_confirmed', 'Khách hàng đã xác nhận chuyển khoản', '2025-06-30 06:44:02', 3),
(8, 46, 0, 'payment_confirmed', 'Khách hàng đã xác nhận chuyển khoản', '2025-06-30 09:58:42', 1);

-- --------------------------------------------------------

--
-- Cấu trúc bảng cho bảng `payment_orders`
--

CREATE TABLE `payment_orders` (
  `id` int(11) NOT NULL,
  `customer_id` int(11) DEFAULT NULL,
  `order_code` varchar(50) DEFAULT NULL,
  `amount` int(11) DEFAULT NULL,
  `transfer_content` varchar(100) DEFAULT NULL,
  `status` enum('pending','paid') DEFAULT 'pending',
  `created_at` datetime DEFAULT current_timestamp()
) ENGINE=InnoDB DEFAULT CHARSET=utf8mb4 COLLATE=utf8mb4_unicode_ci;

--
-- Đang đổ dữ liệu cho bảng `payment_orders`
--

INSERT INTO `payment_orders` (`id`, `customer_id`, `order_code`, `amount`, `transfer_content`, `status`, `created_at`) VALUES
(1, 1, 'DH30584', 84000, 'ThanhToan_DH30584', 'paid', '2025-06-28 22:46:46'),
(2, 1, 'DH31345', 540000, 'ThanhToan_DH31345', 'paid', '2025-06-29 10:40:44'),
(3, NULL, '#2506291519929', 56000, 'TT#2506291519929', 'pending', '2025-06-29 15:19:42'),
(4, NULL, '#2506291528437', 30000, 'TT#2506291528437', 'pending', '2025-06-29 15:28:05'),
(5, NULL, '#2506291528725', 30000, 'TT#2506291528725', 'pending', '2025-06-29 15:28:23'),
(6, NULL, '#2506291538495', 15000, 'TT#2506291538495', 'pending', '2025-06-29 15:38:37'),
(7, NULL, '#2506291555131', 12000, 'TT#2506291555131', 'pending', '2025-06-29 15:55:43'),
(8, NULL, '#2506291605981', 12000, 'TT#2506291605981', 'pending', '2025-06-29 16:05:18'),
(9, NULL, '#2506291607695', 183000, 'TT#2506291607695', 'pending', '2025-06-29 16:07:35'),
(10, NULL, '#2506291623820', 100000, 'TT#2506291623820', 'pending', '2025-06-29 16:23:20'),
(11, NULL, '#2506291623182', 15000, 'TT#2506291623182', 'pending', '2025-06-29 16:23:56'),
(12, NULL, '#2506291635531', 15000, 'TT#2506291635531', 'pending', '2025-06-29 16:35:08'),
(13, NULL, '#2506291635272', 15000, 'TT#2506291635272', 'pending', '2025-06-29 16:35:45'),
(14, NULL, '#2506291638108', 15000, 'TT#2506291638108', 'pending', '2025-06-29 16:38:43'),
(15, NULL, '#2506291640360', 12000, 'TT#2506291640360', 'pending', '2025-06-29 16:40:55'),
(16, NULL, '#2506291641167', 15000, 'TT#2506291641167', 'pending', '2025-06-29 16:41:23'),
(17, NULL, '#2506291641342', 12000, 'TT#2506291641342', 'pending', '2025-06-29 16:41:44'),
(18, NULL, '#2506291643096', 12000, 'TT#2506291643096', 'pending', '2025-06-29 16:43:45'),
(19, NULL, '#2506291645691', 12000, 'TT#2506291645691', 'pending', '2025-06-29 16:45:21'),
(20, NULL, '#2506291646168', 12000, 'TT#2506291646168', 'pending', '2025-06-29 16:46:17'),
(21, NULL, '#2506291649301', 24000, 'TT#2506291649301', 'pending', '2025-06-29 16:49:51'),
(22, NULL, '#2506291652766', 12000, 'TT#2506291652766', 'pending', '2025-06-29 16:52:14'),
(23, NULL, '#2506291654715', 12000, 'TT#2506291654715', 'pending', '2025-06-29 16:54:25'),
(24, NULL, '#2506291658829', 105000, 'TT#2506291658829', 'pending', '2025-06-29 16:58:19'),
(25, NULL, '#2506291700771', 66000, 'TT#2506291700771', 'pending', '2025-06-29 17:00:58'),
(26, NULL, '#2506291705140', 15000, 'TT#2506291705140', 'pending', '2025-06-29 17:05:26'),
(27, NULL, '#2506291708812', 81000, 'TT#2506291708812', 'pending', '2025-06-29 17:08:37'),
(28, NULL, '#2506291713715', 52000, 'TT#2506291713715', 'pending', '2025-06-29 17:13:20'),
(29, NULL, '#2506291722617', 15000, 'TT#2506291722617', 'pending', '2025-06-29 17:22:03'),
(30, NULL, '#2506291731712', 54000, 'TT#2506291731712', 'pending', '2025-06-29 17:31:14'),
(31, NULL, '#2506291736136', 27000, 'TT#2506291736136', 'pending', '2025-06-29 17:36:05'),
(32, NULL, '#2506291908364', 32000, 'TT#2506291908364', 'pending', '2025-06-29 19:08:00'),
(33, 1, 'DH36228', 15000, 'ThanhToan_DH36228', 'paid', '2025-06-29 19:25:34'),
(34, NULL, '#2506291936307', 47000, 'TT#2506291936307', 'pending', '2025-06-29 19:36:18'),
(35, 3, 'DH38191', 209000, 'ThanhToan_DH38191', 'paid', '2025-06-29 20:02:44'),
(36, NULL, '#2506292005870', 68000, 'TT#2506292005870', 'pending', '2025-06-29 20:05:05'),
(37, NULL, '#2506292005269', 48000, 'TT#2506292005269', 'pending', '2025-06-29 20:05:42'),
(38, 3, 'DH39999', 15000, 'ThanhToan_DH39999', 'paid', '2025-06-29 20:09:37'),
(39, 3, 'DH40507', 15000, 'ThanhToan_DH40507', 'pending', '2025-06-29 22:07:08'),
(40, NULL, '#2506292207766', 15000, 'TT#2506292207766', 'pending', '2025-06-29 22:07:47'),
(41, NULL, '#2506292221061', 30000, 'TT#2506292221061', 'pending', '2025-06-29 22:21:36'),
(42, NULL, '#2506300642822', 15000, 'TT#2506300642822', 'pending', '2025-06-30 06:42:03'),
(43, 3, 'DH42681', 12000, 'ThanhToan_DH42681', 'paid', '2025-06-30 06:43:05'),
(44, 3, 'DH44468', 15000, 'ThanhToan_DH44468', 'paid', '2025-06-30 06:44:01'),
(45, NULL, '#2506300950965', 15000, 'TT#2506300950965', 'pending', '2025-06-30 09:50:10'),
(46, 1, 'DH46208', 12000, 'ThanhToan_DH46208', 'paid', '2025-06-30 09:58:39');

-- --------------------------------------------------------

--
-- Cấu trúc bảng cho bảng `tbl_customer_orders`
--

CREATE TABLE `tbl_customer_orders` (
  `id` int(11) NOT NULL,
  `user_id` int(11) NOT NULL,
  `order_type` varchar(20) DEFAULT 'online',
  `status` varchar(50) NOT NULL,
  `total_amount` decimal(15,2) NOT NULL,
  `created_at` datetime DEFAULT current_timestamp(),
  `order_date` datetime DEFAULT current_timestamp(),
  `staff_id` int(11) DEFAULT NULL,
  `updated_at` datetime DEFAULT NULL,
  `receiver_name` varchar(100) DEFAULT NULL,
  `receiver_phone` varchar(20) DEFAULT NULL,
  `receiver_address` varchar(255) DEFAULT NULL,
  `notes` varchar(255) DEFAULT NULL,
  `payment_method` varchar(50) DEFAULT NULL
) ENGINE=InnoDB DEFAULT CHARSET=utf8mb4 COLLATE=utf8mb4_unicode_ci;

--
-- Đang đổ dữ liệu cho bảng `tbl_customer_orders`
--

INSERT INTO `tbl_customer_orders` (`id`, `user_id`, `order_type`, `status`, `total_amount`, `created_at`, `order_date`, `staff_id`, `updated_at`, `receiver_name`, `receiver_phone`, `receiver_address`, `notes`, `payment_method`) VALUES
(1, 1, 'online', 'cancelled', 15000.00, '2025-06-25 18:08:38', '2025-06-25 18:08:38', 2, '2025-06-25 20:17:10', 'Hòa', '0988182886', '91, CÁi Răng Cần thơ', '', NULL),
(2, 1, 'online', 'confirmed', 12000.00, '2025-06-25 18:33:57', '2025-06-25 18:33:57', NULL, NULL, 'An', '0988182886', '31 Thới Lai', '', NULL),
(3, 1, 'online', 'shipping', 12000.00, '2025-06-25 18:41:58', '2025-06-25 18:41:58', NULL, NULL, 'Hòa', '0356553989', 'Quận 8, Hồ Chí Minh', '', NULL),
(4, 1, 'online', 'received', 42000.00, '2025-06-25 18:44:09', '2025-06-25 18:44:09', NULL, NULL, 'An', '0356553989', 'Cái Răng, Cần Thơ', '', NULL),
(5, 1, 'online', 'cancelled', 73000.00, '2025-06-25 18:46:26', '2025-06-25 18:46:26', NULL, NULL, 'An', '0988182886', 'Cái Răng, Cần Thơ', NULL, 'cod'),
(6, 1, 'online', 'cancelled', 54000.00, '2025-06-25 18:47:42', '2025-06-25 18:47:42', NULL, NULL, 'Minh', '0988182886', 'Cái Răng, Cần Thơ', NULL, 'cod'),
(7, 1, 'online', 'cancelled', 56000.00, '2025-06-25 18:51:09', '2025-06-25 18:51:09', NULL, NULL, 'Hòa', '0988182886', 'Cái Răng, Cần Thơ', NULL, 'cod'),
(8, 1, 'online', 'cancelled', 138000.00, '2025-06-25 18:53:03', '2025-06-25 18:53:03', 2, '2025-06-25 19:11:17', 'Hòa', '0988182886', 'Cái Răng, Cần Thơ', 'Hủy đơn hàng', 'cod'),
(9, 1, 'online', 'cancelled', 39000.00, '2025-06-25 18:54:50', '2025-06-25 18:54:50', 2, '2025-06-25 19:11:03', 'Hòa', '0988182886', 'Cái Răng, Cần Thơ', 'Hủy đơn hàng', 'cod'),
(10, 1, 'online', 'cancelled', 15000.00, '2025-06-25 18:56:28', '2025-06-25 18:56:28', 2, '2025-06-25 19:11:12', 'Hòa', '0988182886', 'Cái Răng, Cần Thơ', 'Hủy đơn hàng', 'cod'),
(11, 1, 'online', 'cancelled', 12000.00, '2025-06-25 19:03:32', '2025-06-25 19:03:32', 2, '2025-06-25 19:11:15', 'An', '0356553989', 'Cái Răng, Cần Thơ', 'Hủy đơn hàng', 'cod'),
(12, 1, 'online', 'cancelled', 39000.00, '2025-06-25 19:05:52', '2025-06-25 19:05:52', 2, '2025-06-25 19:11:09', 'Minh', '0356553989', 'Cái Răng, Cần Thơ', 'Hủy đơn hàng', 'cod'),
(13, 1, 'online', 'cancelled', 39000.00, '2025-06-25 19:06:21', '2025-06-25 19:06:21', 2, '2025-06-25 19:11:07', 'Minh', '0988182886', 'Cái Răng, Cần Thơ', 'Hủy đơn hàng', 'cod'),
(14, 1, 'online', 'cancelled', 27000.00, '2025-06-25 19:12:48', '2025-06-25 19:12:48', NULL, NULL, 'Lan', '0988182886', 'Cái Răng, Cần Thơ', NULL, 'cod'),
(15, 1, 'online', 'cancelled', 17000.00, '2025-06-25 19:13:46', '2025-06-25 19:13:46', NULL, NULL, 'Hòa', '0356553989', 'Cái Răng, Cần Thơ', NULL, 'cod'),
(16, 1, 'online', 'cancelled', 27000.00, '2025-06-25 19:15:50', '2025-06-25 19:15:50', NULL, NULL, 'Minh', '0356553989', 'Cái Răng, Cần Thơ', NULL, 'cod'),
(17, 1, 'online', 'cancelled', 27000.00, '2025-06-25 19:18:24', '2025-06-25 19:18:24', NULL, NULL, 'tuyền', '0356553989', 'Cái Răng, Cần Thơ', NULL, 'cod'),
(18, 1, 'online', 'cancelled', 12000.00, '2025-06-25 19:19:50', '2025-06-25 19:19:50', NULL, NULL, 'Minh', '0356553989', 'Cái Răng, Cần Thơ', NULL, 'cod'),
(19, 1, 'online', 'cancelled', 15000.00, '2025-06-25 19:24:11', '2025-06-25 19:24:11', NULL, NULL, 'Tèo', '0987654321', '111111', NULL, 'cod'),
(20, 1, 'online', 'received', 27000.00, '2025-06-25 21:38:55', '2025-06-25 21:38:55', 2, '2025-06-25 21:39:14', 'Tèo', '0987654321', '111111', 'Khách hàng đã nhận hàng', 'cod'),
(21, 1, 'online', 'received', 100000.00, '2025-06-25 22:13:23', '2025-06-25 22:13:23', 2, '2025-06-25 22:13:48', 'Tèo', '0987654321', '111111', 'Khách hàng đã nhận hàng', 'banking'),
(22, 1, 'online', 'received', 37000.00, '2025-06-26 21:27:07', '2025-06-26 21:27:07', 2, '2025-06-26 21:27:24', 'Tèo', '0987654321', '111111', '', 'cod'),
(23, 1, 'online', 'received', 66000.00, '2025-06-26 21:43:23', '2025-06-26 21:43:23', 2, '2025-06-26 21:44:01', 'Tèo', '0987654321', '111111', 'Khách hàng đã nhận hàng', 'cod'),
(24, 1, 'online', 'received', 30000.00, '2025-06-26 22:48:32', '2025-06-26 22:48:32', 2, '2025-06-26 22:49:38', 'Mai Nhựt Minh', '0869378427', 'Cờ đỏ Cần Thơ', 'Khách hàng đã nhận hàng', 'banking'),
(25, 1, 'online', 'cancelled', 15000.00, '2025-06-26 22:50:33', '2025-06-26 22:50:33', 3, '2025-06-26 22:57:16', 'Mai Nhựt Minh', '0869378427', 'Cờ đỏ Cần Thơ', 'Hủy đơn hàng', 'cod'),
(26, 2, 'online', 'received', 39000.00, '2025-06-26 22:56:44', '2025-06-26 22:56:44', 2, '2025-06-26 23:17:32', 'Phan Khánh Quyên', '0987654321', 'Lê Bình, Cái Răng, Cần Thơ', 'Khách hàng đã nhận hàng', 'banking'),
(27, 2, 'online', 'received', 60000.00, '2025-06-26 23:17:57', '2025-06-26 23:17:57', 3, '2025-06-26 23:18:32', 'Phan Khánh Quyên', '0987654321', 'Lê Bình, Cái Răng, Cần Thơ', 'Khách hàng đã nhận hàng', 'cod'),
(28, 1, 'online', 'received', 237000.00, '2025-06-27 11:02:00', '2025-06-27 11:02:00', 3, '2025-06-27 11:05:07', 'Mai Nhựt Minh', '0869378427', 'Cờ Đỏ,Cần Thơ', 'Khách hàng đã nhận hàng', 'cod'),
(29, 1, 'online', 'received', 45000.00, '2025-06-28 22:46:38', '2025-06-28 22:46:38', 3, '2025-06-28 22:47:15', 'Mai Nhựt Minh', '0869378427', 'Cờ Đỏ,Cần Thơ', 'Khách hàng đã nhận hàng', 'cod'),
(30, 1, 'online', 'received', 84000.00, '2025-06-28 22:46:46', '2025-06-28 22:46:46', 3, '2025-06-28 22:47:17', 'Mai Nhựt Minh', '0869378427', 'Cờ Đỏ,Cần Thơ', 'Khách hàng đã nhận hàng', 'banking'),
(31, 1, 'online', 'received', 540000.00, '2025-06-29 10:40:44', '2025-06-29 10:40:44', 2, '2025-06-29 10:41:47', 'Mai Nhựt Minh', '0869378427', 'Cờ Đỏ,Cần Thơ', 'Khách hàng đã nhận hàng', 'banking'),
(32, 1, 'online', 'received', 56000.00, '2025-06-29 10:42:04', '2025-06-29 10:42:04', 2, '2025-06-29 10:42:39', 'Mai Nhựt Minh', '0869378427', 'Cờ Đỏ,Cần Thơ', 'Khách hàng đã nhận hàng', 'cod'),
(34, 0, 'offline', 'received', 56000.00, '2025-06-29 15:19:42', '2025-06-29 15:19:42', 2, '2025-06-29 15:22:01', NULL, NULL, NULL, 'Đã nhận hàng', 'bank'),
(35, 1, 'online', 'received', 15000.00, '2025-06-29 19:25:12', '2025-06-29 19:25:12', 3, '2025-06-29 19:25:28', 'Mai Nhựt Minh', '0869378427', 'Cờ Đỏ,Cần Thơ', 'Khách hàng đã nhận hàng', 'cod'),
(36, 1, 'online', 'received', 15000.00, '2025-06-29 19:25:34', '2025-06-29 19:25:34', 3, '2025-06-29 19:25:53', 'Mai Nhựt Minh', '0869378427', 'Cờ Đỏ,Cần Thơ', 'Khách hàng đã nhận hàng', 'banking'),
(37, 3, 'online', 'cancelled', 27000.00, '2025-06-29 20:02:29', '2025-06-29 20:02:29', 2, '2025-06-29 20:03:46', 'Trần Văn A', '0987654321', 'Lê Bình, Cái Răng, Cần Thơ', '', 'cod'),
(38, 3, 'online', 'received', 209000.00, '2025-06-29 20:02:44', '2025-06-29 20:02:44', 3, '2025-06-29 20:03:18', 'Trần Văn A', '0987654321', 'Lê Bình, Cái Răng, Cần Thơ', 'Khách hàng đã nhận hàng', 'banking'),
(39, 3, 'online', 'received', 15000.00, '2025-06-29 20:09:37', '2025-06-29 20:09:37', 2, '2025-06-29 20:10:30', 'Trần Văn A', '0987654321', 'Lê Bình, Cái Răng, Cần Thơ', 'Khách hàng đã nhận hàng', 'banking'),
(40, 3, 'online', 'received', 15000.00, '2025-06-29 22:07:08', '2025-06-29 22:07:08', 2, '2025-06-29 22:07:24', 'Trần Văn A', '0987654321', 'Lê Bình, Cái Răng, Cần Thơ', '', 'banking'),
(41, 3, 'online', 'cancelled', 15000.00, '2025-06-30 06:42:38', '2025-06-30 06:42:38', 3, '2025-06-30 06:42:46', 'Trần Văn A', '0987654321', 'Lê Bình, Cái Răng, Cần Thơ', 'Hủy đơn hàng', 'cod'),
(42, 3, 'online', 'cancelled', 12000.00, '2025-06-30 06:43:05', '2025-06-30 06:43:05', 3, '2025-06-30 06:43:13', 'Trần Văn A', '0987654321', 'Lê Bình, Cái Răng, Cần Thơ', 'Hủy đơn hàng', 'banking'),
(43, 3, 'online', 'received', 15000.00, '2025-06-30 06:43:50', '2025-06-30 06:43:50', 3, '2025-06-30 06:44:31', 'Trần Văn A', '0987654321', 'Lê Bình, Cái Răng, Cần Thơ', '', 'cod'),
(44, 3, 'online', 'received', 15000.00, '2025-06-30 06:44:01', '2025-06-30 06:44:01', 2, '2025-06-30 06:44:12', 'Trần Văn A', '0987654321', 'Lê Bình, Cái Răng, Cần Thơ', '', 'banking'),
(45, 1, 'online', 'cancelled', 12000.00, '2025-06-30 09:58:17', '2025-06-30 09:58:17', 2, '2025-06-30 09:58:57', 'Mai Nhựt Minh', '0869378427', 'Cờ Đỏ,Cần Thơ', 'Hủy đơn hàng', 'cod'),
(46, 1, 'online', 'received', 12000.00, '2025-06-30 09:58:39', '2025-06-30 09:58:39', 2, '2025-06-30 09:58:53', 'Mai Nhựt Minh', '0869378427', 'Cờ Đỏ,Cần Thơ', 'Khách hàng đã nhận hàng', 'banking');

-- --------------------------------------------------------

--
-- Cấu trúc bảng cho bảng `tbl_customer_order_details`
--

CREATE TABLE `tbl_customer_order_details` (
  `id` int(11) NOT NULL,
  `order_id` int(11) NOT NULL,
  `product_id` int(11) NOT NULL,
  `product_name` varchar(255) NOT NULL,
  `price` decimal(10,2) NOT NULL,
  `quantity` int(11) NOT NULL
) ENGINE=InnoDB DEFAULT CHARSET=utf8mb4 COLLATE=utf8mb4_unicode_ci;

--
-- Đang đổ dữ liệu cho bảng `tbl_customer_order_details`
--

INSERT INTO `tbl_customer_order_details` (`id`, `order_id`, `product_id`, `product_name`, `price`, `quantity`) VALUES
(1, 1, 4, 'Bạc xỉu', 15000.00, 1),
(2, 2, 2, 'Cafe đá', 12000.00, 1),
(3, 3, 2, 'Cafe đá', 12000.00, 1),
(4, 4, 2, 'Cafe đá', 12000.00, 1),
(5, 4, 3, 'Cafe sữa', 15000.00, 1),
(6, 4, 4, 'Bạc xỉu', 15000.00, 1),
(7, 5, 5, 'Cafe muối', 17000.00, 1),
(8, 5, 6, 'Cafe espresso', 22000.00, 1),
(9, 5, 7, 'Trà đào cam sả', 17000.00, 1),
(10, 5, 9, 'Trà ổi hồng', 17000.00, 1),
(11, 6, 9, 'Trà ổi hồng', 17000.00, 1),
(12, 6, 10, 'Trà thanh long đỏ', 17000.00, 1),
(13, 6, 8, 'Trà long nhãn hạt sen', 20000.00, 1),
(14, 7, 5, 'Cafe muối', 17000.00, 1),
(15, 7, 6, 'Cafe espresso', 22000.00, 1),
(16, 7, 7, 'Trà đào cam sả', 17000.00, 1),
(17, 8, 5, 'Cafe muối', 17000.00, 1),
(18, 8, 11, 'Trà vải', 17000.00, 1),
(19, 8, 12, 'Bánh Cheese Cake chanh dây phô mai', 97000.00, 1),
(20, 8, 13, 'Bánh Flan', 7000.00, 1),
(21, 9, 5, 'Cafe muối', 17000.00, 1),
(22, 9, 6, 'Cafe espresso', 22000.00, 1),
(23, 10, 4, 'Bạc xỉu', 15000.00, 1),
(24, 11, 2, 'Cafe đá', 12000.00, 1),
(25, 12, 7, 'Trà đào cam sả', 17000.00, 1),
(26, 12, 6, 'Cafe espresso', 22000.00, 1),
(27, 13, 5, 'Cafe muối', 17000.00, 1),
(28, 13, 6, 'Cafe espresso', 22000.00, 1),
(29, 14, 2, 'Cafe đá', 12000.00, 1),
(30, 14, 3, 'Cafe sữa', 15000.00, 1),
(31, 15, 7, 'Trà đào cam sả', 17000.00, 1),
(32, 16, 2, 'Cafe đá', 12000.00, 1),
(33, 16, 3, 'Cafe sữa', 15000.00, 1),
(34, 17, 2, 'Cafe đá', 12000.00, 1),
(35, 17, 3, 'Cafe sữa', 15000.00, 1),
(36, 18, 2, 'Cafe đá', 12000.00, 1),
(37, 19, 3, 'Cafe sữa', 15000.00, 1),
(38, 20, 2, 'Cafe đá', 12000.00, 1),
(39, 20, 3, 'Cafe sữa', 15000.00, 1),
(40, 21, 2, 'Cafe đá', 12000.00, 1),
(41, 21, 3, 'Cafe sữa', 15000.00, 1),
(42, 21, 7, 'Trà đào cam sả', 17000.00, 3),
(43, 21, 6, 'Cafe espresso', 22000.00, 1),
(44, 22, 3, 'Cafe sữa', 15000.00, 1),
(45, 22, 6, 'Cafe espresso', 22000.00, 1),
(46, 23, 2, 'Cafe đá', 12000.00, 1),
(47, 23, 4, 'Bạc xỉu', 15000.00, 1),
(48, 23, 7, 'Trà đào cam sả', 17000.00, 1),
(49, 23, 6, 'Cafe espresso', 22000.00, 1),
(50, 24, 3, 'Cafe sữa', 15000.00, 1),
(51, 24, 4, 'Bạc xỉu', 15000.00, 1),
(52, 25, 3, 'Cafe sữa', 15000.00, 1),
(53, 26, 7, 'Trà đào cam sả', 17000.00, 1),
(54, 26, 6, 'Cafe espresso', 22000.00, 1),
(55, 27, 4, 'Bạc xỉu', 15000.00, 1),
(56, 27, 3, 'Cafe sữa', 15000.00, 3),
(57, 28, 2, 'Cafe đá', 12000.00, 1),
(58, 28, 4, 'Bạc xỉu', 15000.00, 1),
(59, 28, 15, 'Bánh Panna Cotta Dâu', 15000.00, 5),
(60, 28, 16, 'Bánh Tiramisu', 45000.00, 3),
(61, 29, 3, 'Cafe sữa', 15000.00, 2),
(62, 29, 4, 'Bạc xỉu', 15000.00, 1),
(63, 30, 2, 'Cafe đá', 12000.00, 7),
(64, 31, 3, 'Cafe sữa', 15000.00, 5),
(65, 31, 4, 'Bạc xỉu', 15000.00, 31),
(66, 32, 7, 'Trà đào cam sả', 17000.00, 2),
(67, 32, 6, 'Cafe espresso', 22000.00, 1),
(68, 34, 5, 'Cafe muối', 17000.00, 1),
(69, 34, 2, 'Cafe đá', 12000.00, 2),
(70, 34, 3, 'Cafe sữa', 15000.00, 1),
(71, 35, 3, 'Cafe sữa', 15000.00, 1),
(72, 36, 3, 'Cafe sữa', 15000.00, 1),
(73, 37, 2, 'Cafe đá', 12000.00, 1),
(74, 37, 3, 'Cafe sữa', 15000.00, 1),
(75, 38, 39, 'Sinh Tố Sầu Riêng', 37000.00, 1),
(76, 38, 40, 'Sinh Tố Xoài', 33000.00, 1),
(77, 38, 47, 'Sinh Tố Việt Quấc', 35000.00, 1),
(78, 38, 45, 'Trà Xanh 0 Độ', 12000.00, 1),
(79, 38, 46, 'Trà Xanh Hương Chanh', 12000.00, 1),
(80, 38, 44, 'Sting', 12000.00, 1),
(81, 38, 43, 'Nước Suối Aquafina', 7000.00, 2),
(82, 38, 42, 'Coca', 12000.00, 1),
(83, 38, 23, 'Matcha Cookie Đá Xay', 21000.00, 1),
(84, 38, 28, ' Cookie Đá Xay', 21000.00, 1),
(85, 39, 4, 'Bạc xỉu', 15000.00, 1),
(86, 40, 3, 'Cafe sữa', 15000.00, 1),
(87, 41, 3, 'Cafe sữa', 15000.00, 1),
(88, 42, 2, 'Cafe đá', 12000.00, 1),
(89, 43, 4, 'Bạc xỉu', 15000.00, 1),
(90, 44, 3, 'Cafe sữa', 15000.00, 1),
(91, 45, 2, 'Cafe đá', 12000.00, 1),
(92, 46, 2, 'Cafe đá', 12000.00, 1);

-- --------------------------------------------------------

--
-- Cấu trúc bảng cho bảng `tbl_danhmuc`
--

CREATE TABLE `tbl_danhmuc` (
  `id` int(11) NOT NULL,
  `tendm` varchar(50) NOT NULL,
  `uutien` int(11) NOT NULL DEFAULT 0,
  `hienthi` tinyint(1) NOT NULL DEFAULT 1
) ENGINE=InnoDB DEFAULT CHARSET=utf8 COLLATE=utf8_unicode_ci;

--
-- Đang đổ dữ liệu cho bảng `tbl_danhmuc`
--

INSERT INTO `tbl_danhmuc` (`id`, `tendm`, `uutien`, `hienthi`) VALUES
(6, 'Cafe', 0, 1),
(7, 'Trà', 0, 1),
(8, 'Bánh Ngọt', 0, 1),
(13, 'Đá xay', 0, 1),
(14, 'Nước Ép', 0, 1),
(15, 'Sinh Tố', 0, 1),
(16, 'Các Loại Nước Khác', 0, 1);

-- --------------------------------------------------------

--
-- Cấu trúc bảng cho bảng `tbl_hoadon`
--

CREATE TABLE `tbl_hoadon` (
  `id` int(11) NOT NULL,
  `user_id` int(11) NOT NULL,
  `ngay_tao` datetime DEFAULT current_timestamp(),
  `tong_tien` decimal(10,2) NOT NULL,
  `trang_thai` varchar(50) DEFAULT 'Đã thanh toán',
  `payment_method` varchar(50) DEFAULT 'cod',
  `payment_status` varchar(20) DEFAULT 'pending',
  `updated_at` timestamp NOT NULL DEFAULT current_timestamp() ON UPDATE current_timestamp()
) ENGINE=InnoDB DEFAULT CHARSET=utf8 COLLATE=utf8_unicode_ci;

--
-- Đang đổ dữ liệu cho bảng `tbl_hoadon`
--

INSERT INTO `tbl_hoadon` (`id`, `user_id`, `ngay_tao`, `tong_tien`, `trang_thai`, `payment_method`, `payment_status`, `updated_at`) VALUES
(36, 3, '2025-03-15 08:39:21', 105000.00, 'Đã thanh toán', 'cod', 'pending', '2025-06-29 04:23:58'),
(40, 3, '2025-03-16 21:02:03', 17000.00, 'Đã hủy', 'cod', 'pending', '2025-06-29 04:23:58'),
(41, 3, '2025-03-16 21:14:14', 122000.00, 'Đã thanh toán', 'cod', 'pending', '2025-06-29 04:23:58'),
(42, 2, '2025-03-18 15:34:13', 69000.00, 'Đã hủy', 'cod', 'pending', '2025-06-29 04:23:58'),
(43, 2, '2025-03-19 14:00:12', 65000.00, 'Đang xử lý', 'cod', 'pending', '2025-06-29 04:23:58'),
(44, 2, '2025-04-01 14:32:39', 52000.00, 'Đã thanh toán', 'cod', 'pending', '2025-06-29 04:23:58'),
(45, 2, '2025-04-01 14:32:48', 15000.00, 'Đã thanh toán', 'cod', 'pending', '2025-06-29 04:23:58'),
(46, 2, '2025-04-01 14:32:56', 12000.00, 'Đã thanh toán', 'cod', 'pending', '2025-06-29 04:23:58'),
(47, 2, '2025-04-01 14:33:40', 88000.00, 'Đã thanh toán', 'cod', 'pending', '2025-06-29 04:23:58'),
(48, 2, '2025-04-01 14:36:39', 79000.00, 'Đã thanh toán', 'cod', 'pending', '2025-06-29 04:23:58'),
(49, 2, '2025-04-01 14:40:41', 71000.00, 'Đã thanh toán', 'cod', 'pending', '2025-06-29 04:23:58'),
(50, 2, '2025-04-01 15:19:56', 32000.00, 'Đã thanh toán', 'cod', 'pending', '2025-06-29 04:23:58'),
(51, 2, '2025-04-01 15:41:20', 15000.00, 'Đã thanh toán', 'cod', 'pending', '2025-06-29 04:23:58'),
(52, 2, '2025-04-01 15:41:57', 35000.00, 'Đã thanh toán', 'cod', 'pending', '2025-06-29 04:23:58'),
(53, 2, '2025-04-01 16:16:44', 322000.00, 'Đã thanh toán', 'cod', 'pending', '2025-06-29 04:23:58'),
(54, 2, '2025-04-01 16:37:59', 296000.00, 'Đã thanh toán', 'cod', 'pending', '2025-06-29 04:23:58'),
(55, 2, '2025-04-01 16:39:11', 47000.00, 'Đã thanh toán', 'cod', 'pending', '2025-06-29 04:23:58'),
(56, 2, '2025-04-01 16:50:04', 93000.00, 'Đã thanh toán', 'cod', 'pending', '2025-06-29 04:23:58'),
(57, 2, '2025-04-01 16:52:33', 59000.00, 'Đã thanh toán', 'cod', 'pending', '2025-06-29 04:23:58'),
(58, 2, '2025-04-01 16:52:44', 32000.00, 'Đã thanh toán', 'cod', 'pending', '2025-06-29 04:23:58'),
(59, 2, '2025-04-01 16:59:08', 15000.00, 'Đã thanh toán', 'cod', 'pending', '2025-06-29 04:23:58'),
(60, 2, '2025-04-01 17:00:20', 15000.00, 'Đã thanh toán', 'cod', 'pending', '2025-06-29 04:23:58'),
(61, 2, '2025-04-01 17:01:08', 15000.00, 'Đã thanh toán', 'cod', 'pending', '2025-06-29 04:23:58'),
(62, 2, '2025-04-01 17:01:37', 15000.00, 'Đã thanh toán', 'cod', 'pending', '2025-06-29 04:23:58'),
(63, 2, '2025-04-01 17:02:39', 15000.00, 'Đã thanh toán', 'cod', 'pending', '2025-06-29 04:23:58'),
(64, 2, '2025-04-01 17:06:12', 52000.00, 'Đã thanh toán', 'cod', 'pending', '2025-06-29 04:23:58'),
(65, 2, '2025-04-01 17:06:43', 15000.00, 'Đã thanh toán', 'cod', 'pending', '2025-06-29 04:23:58'),
(66, 2, '2025-04-01 17:09:22', 15000.00, 'Đã thanh toán', 'cod', 'pending', '2025-06-29 04:23:58'),
(67, 2, '2025-04-01 17:12:02', 15000.00, 'Đã thanh toán', 'cod', 'pending', '2025-06-29 04:23:58'),
(68, 2, '2025-04-01 17:13:19', 15000.00, 'Đã thanh toán', 'cod', 'pending', '2025-06-29 04:23:58'),
(69, 2, '2025-04-01 17:13:55', 32000.00, 'Đã thanh toán', 'cod', 'pending', '2025-06-29 04:23:58'),
(70, 2, '2025-04-01 17:16:22', 15000.00, 'Đã thanh toán', 'cod', 'pending', '2025-06-29 04:23:58'),
(71, 2, '2025-04-01 17:16:55', 15000.00, 'Đã thanh toán', 'cod', 'pending', '2025-06-29 04:23:58'),
(72, 2, '2025-04-01 17:17:07', 15000.00, 'Đã thanh toán', 'cod', 'pending', '2025-06-29 04:23:58'),
(73, 2, '2025-04-01 17:17:40', 146000.00, 'Đã thanh toán', 'cod', 'pending', '2025-06-29 04:23:58'),
(74, 2, '2025-04-01 17:20:13', 15000.00, 'Đã thanh toán', 'cod', 'pending', '2025-06-29 04:23:58'),
(75, 2, '2025-04-01 17:20:31', 12000.00, 'Đã thanh toán', 'cod', 'pending', '2025-06-29 04:23:58'),
(76, 2, '2025-04-01 17:21:02', 15000.00, 'Đã thanh toán', 'cod', 'pending', '2025-06-29 04:23:58'),
(77, 2, '2025-04-01 17:21:32', 15000.00, 'Đã thanh toán', 'cod', 'pending', '2025-06-29 04:23:58'),
(78, 2, '2025-04-01 17:22:40', 15000.00, 'Đã thanh toán', 'cod', 'pending', '2025-06-29 04:23:58'),
(79, 2, '2025-04-01 17:23:04', 15000.00, 'Đã thanh toán', 'cod', 'pending', '2025-06-29 04:23:58'),
(80, 2, '2025-04-01 19:18:05', 15000.00, 'Đã thanh toán', 'cod', 'pending', '2025-06-29 04:23:58'),
(81, 2, '2025-04-01 19:18:15', 12000.00, 'Đã thanh toán', 'cod', 'pending', '2025-06-29 04:23:58'),
(82, 2, '2025-04-01 19:19:12', 17000.00, 'Đã thanh toán', 'cod', 'pending', '2025-06-29 04:23:58'),
(83, 2, '2025-04-01 19:20:07', 15000.00, 'Đã thanh toán', 'cod', 'pending', '2025-06-29 04:23:58'),
(84, 2, '2025-04-01 19:27:01', 15000.00, 'Đã thanh toán', 'cod', 'pending', '2025-06-29 04:23:58'),
(85, 2, '2025-04-01 19:28:44', 15000.00, 'Đã thanh toán', 'cod', 'pending', '2025-06-29 04:23:58'),
(86, 2, '2025-04-01 19:30:37', 15000.00, 'Đã thanh toán', 'cod', 'pending', '2025-06-29 04:23:58'),
(87, 2, '2025-04-01 19:31:48', 62000.00, 'Đã thanh toán', 'cod', 'pending', '2025-06-29 04:23:58'),
(88, 2, '2025-04-01 19:32:04', 15000.00, 'Đã thanh toán', 'cod', 'pending', '2025-06-29 04:23:58'),
(89, 2, '2025-04-01 19:34:55', 15000.00, 'Đã thanh toán', 'cod', 'pending', '2025-06-29 04:23:58'),
(90, 2, '2025-04-01 19:36:16', 15000.00, 'Đã thanh toán', 'cod', 'pending', '2025-06-29 04:23:58'),
(91, 2, '2025-04-01 19:37:36', 15000.00, 'Đã thanh toán', 'cod', 'pending', '2025-06-29 04:23:58'),
(92, 3, '2025-04-01 20:44:53', 30000.00, 'Đã thanh toán', 'cod', 'pending', '2025-06-29 04:23:58'),
(93, 3, '2025-04-01 22:45:40', 161000.00, 'Đã thanh toán', 'cod', 'pending', '2025-06-29 04:23:58'),
(94, 3, '2025-04-01 22:47:15', 15000.00, 'Đã thanh toán', 'cod', 'pending', '2025-06-29 04:23:58'),
(95, 3, '2025-04-01 22:56:59', 17000.00, 'Đã thanh toán', 'cod', 'pending', '2025-06-29 04:23:58'),
(96, 3, '2025-04-01 23:08:50', 130000.00, 'Đã thanh toán', 'cod', 'pending', '2025-06-29 04:23:58'),
(97, 3, '2025-04-01 23:16:09', 493000.00, 'Đang xử lý', 'cod', 'pending', '2025-06-29 04:23:58'),
(99, 3, '2025-04-02 08:30:24', 12000.00, 'Đã thanh toán', 'cod', 'pending', '2025-06-29 04:23:58'),
(100, 2, '2025-04-02 08:51:26', 32000.00, 'Đã thanh toán', 'cod', 'pending', '2025-06-29 04:23:58'),
(101, 2, '2025-04-02 09:30:30', 27000.00, 'Đã thanh toán', 'cod', 'pending', '2025-06-29 04:23:58'),
(102, 2, '2025-04-02 09:36:13', 53000.00, 'Đã thanh toán', 'cod', 'pending', '2025-06-29 04:23:58'),
(103, 2, '2025-04-02 09:37:51', 15000.00, 'Đã thanh toán', 'cod', 'pending', '2025-06-29 04:23:58'),
(104, 2, '2025-04-02 09:55:04', 15000.00, 'Đã thanh toán', 'cod', 'pending', '2025-06-29 04:23:58'),
(105, 2, '2025-04-02 09:59:45', 12000.00, 'Đã thanh toán', 'cod', 'pending', '2025-06-29 04:23:58'),
(106, 3, '2025-04-02 10:55:51', 32000.00, 'Đã thanh toán', 'cod', 'pending', '2025-06-29 04:23:58'),
(107, 3, '2025-04-02 10:57:55', 12000.00, 'Đã thanh toán', 'cod', 'pending', '2025-06-29 04:23:58'),
(108, 3, '2025-04-02 10:58:26', 12000.00, 'Đã thanh toán', 'cod', 'pending', '2025-06-29 04:23:58'),
(109, 3, '2025-04-02 11:00:57', 27000.00, 'Đã thanh toán', 'cod', 'pending', '2025-06-29 04:23:58'),
(110, 3, '2025-04-02 11:01:35', 30000.00, 'Đã thanh toán', 'cod', 'pending', '2025-06-29 04:23:58'),
(111, 3, '2025-04-02 11:06:09', 15000.00, 'Đã thanh toán', 'cod', 'pending', '2025-06-29 04:23:58'),
(112, 3, '2025-04-02 11:08:29', 15000.00, 'Đã thanh toán', 'cod', 'pending', '2025-06-29 04:23:58'),
(113, 3, '2025-04-02 11:10:54', 12000.00, 'Đã thanh toán', 'cod', 'pending', '2025-06-29 04:23:58'),
(114, 3, '2025-04-02 11:11:03', 12000.00, 'Đã thanh toán', 'cod', 'pending', '2025-06-29 04:23:58'),
(115, 3, '2025-04-02 11:13:15', 15000.00, 'Đã thanh toán', 'cod', 'pending', '2025-06-29 04:23:58'),
(116, 3, '2025-04-02 11:13:58', 15000.00, 'Đã thanh toán', 'cod', 'pending', '2025-06-29 04:23:58'),
(117, 3, '2025-04-02 11:15:14', 15000.00, 'Đã thanh toán', 'cod', 'pending', '2025-06-29 04:23:58'),
(118, 3, '2025-04-02 11:16:09', 12000.00, 'Đã thanh toán', 'cod', 'pending', '2025-06-29 04:23:58'),
(119, 3, '2025-04-02 11:16:55', 12000.00, 'Đã thanh toán', 'cod', 'pending', '2025-06-29 04:23:58'),
(120, 3, '2025-04-02 11:19:44', 12000.00, 'Đã thanh toán', 'cod', 'pending', '2025-06-29 04:23:58'),
(121, 3, '2025-04-02 11:20:35', 20000.00, 'Đã thanh toán', 'cod', 'pending', '2025-06-29 04:23:58'),
(122, 3, '2025-04-02 11:23:58', 12000.00, 'Đã thanh toán', 'cod', 'pending', '2025-06-29 04:23:58'),
(123, 3, '2025-04-02 11:24:11', 15000.00, 'Đã thanh toán', 'cod', 'pending', '2025-06-29 04:23:58'),
(124, 3, '2025-04-02 11:25:58', 22000.00, 'Đã thanh toán', 'cod', 'pending', '2025-06-29 04:23:58'),
(125, 3, '2025-04-02 11:29:07', 17000.00, 'Đã thanh toán', 'cod', 'pending', '2025-06-29 04:23:58'),
(126, 3, '2025-04-02 11:29:40', 17000.00, 'Đã thanh toán', 'cod', 'pending', '2025-06-29 04:23:58'),
(127, 3, '2025-04-02 11:32:02', 17000.00, 'Đã thanh toán', 'cod', 'pending', '2025-06-29 04:23:58'),
(128, 3, '2025-04-02 11:32:47', 12000.00, 'Đã thanh toán', 'cod', 'pending', '2025-06-29 04:23:58'),
(129, 3, '2025-04-02 11:36:38', 15000.00, 'Đã thanh toán', 'cod', 'pending', '2025-06-29 04:23:58'),
(130, 3, '2025-04-02 11:41:19', 17000.00, 'Đã thanh toán', 'cod', 'pending', '2025-06-29 04:23:58'),
(131, 3, '2025-04-02 11:41:35', 12000.00, 'Đã thanh toán', 'cod', 'pending', '2025-06-29 04:23:58'),
(132, 3, '2025-04-02 11:50:31', 15000.00, 'Đã thanh toán', 'cod', 'pending', '2025-06-29 04:23:58'),
(133, 3, '2025-04-02 11:58:04', 15000.00, 'Đã thanh toán', 'cod', 'pending', '2025-06-29 04:23:58'),
(134, 3, '2025-04-02 15:33:09', 15000.00, 'Đã thanh toán', 'cod', 'pending', '2025-06-29 04:23:58'),
(135, 2, '2025-04-02 16:55:49', 17000.00, 'Đã thanh toán', 'cod', 'pending', '2025-06-29 04:23:58'),
(136, 2, '2025-04-02 18:37:56', 30000.00, 'Đã thanh toán', 'cod', 'pending', '2025-06-29 04:23:58'),
(137, 2, '2025-04-02 18:45:15', 15000.00, 'Đã thanh toán', 'cod', 'pending', '2025-06-29 04:23:58'),
(138, 2, '2025-04-02 19:04:33', 15000.00, 'Đang xử lý', 'cod', 'pending', '2025-06-29 04:23:58'),
(139, 2, '2025-04-02 19:06:57', 15000.00, 'Đã thanh toán', 'cod', 'pending', '2025-06-29 04:23:58'),
(140, 2, '2025-04-02 19:13:20', 12000.00, 'Đã hủy', 'cod', 'pending', '2025-06-29 04:23:58'),
(141, 2, '2025-04-02 19:15:03', 32000.00, 'Đã hủy', 'cod', 'pending', '2025-06-29 04:23:58'),
(142, 2, '2025-04-02 19:18:30', 97000.00, 'Đã hủy', 'cod', 'pending', '2025-06-29 04:23:58'),
(145, 2, '2025-04-02 19:41:06', 44000.00, 'Đang xử lý', 'cod', 'pending', '2025-06-29 04:23:58'),
(146, 3, '2025-04-03 00:07:48', 15000.00, 'Đang xử lý', 'cod', 'pending', '2025-06-29 04:23:58'),
(147, 2, '2025-04-03 00:49:53', 12000.00, 'Đã thanh toán', 'cod', 'pending', '2025-06-29 04:23:58'),
(148, 3, '2025-04-03 09:47:10', 29000.00, 'Đã thanh toán', 'cod', 'pending', '2025-06-29 04:23:58'),
(149, 3, '2025-04-03 09:54:13', 12000.00, 'Đã thanh toán', 'cod', 'pending', '2025-06-29 04:23:58'),
(150, 2, '2025-04-03 10:01:32', 49000.00, 'Đã thanh toán', 'cod', 'pending', '2025-06-29 04:23:58'),
(151, 2, '2025-04-03 10:04:02', 12000.00, 'Đã thanh toán', 'cod', 'pending', '2025-06-29 04:23:58'),
(152, 2, '2025-04-03 10:04:15', 69000.00, 'Đã thanh toán', 'cod', 'pending', '2025-06-29 04:23:58'),
(153, 2, '2025-04-03 10:06:02', 121000.00, 'Đã thanh toán', 'cod', 'pending', '2025-06-29 04:23:58'),
(154, 2, '2025-04-03 10:10:19', 71000.00, 'Đã thanh toán', 'cod', 'pending', '2025-06-29 04:23:58'),
(156, 2, '2025-04-03 10:14:46', 32000.00, 'Đã thanh toán', 'cod', 'pending', '2025-06-29 04:23:58'),
(157, 2, '2025-04-03 10:23:34', 76000.00, 'Đã thanh toán', 'cod', 'pending', '2025-06-29 04:23:58'),
(158, 2, '2025-04-03 10:23:55', 76000.00, 'Đã hủy', 'cod', 'pending', '2025-06-29 04:23:58'),
(160, 2, '2025-04-03 10:55:17', 30000.00, 'Đã thanh toán', 'cod', 'pending', '2025-06-29 04:23:58'),
(167, 2, '2025-04-03 16:28:05', 62000.00, 'Đã thanh toán', 'cod', 'pending', '2025-06-29 04:23:58'),
(168, 3, '2025-04-03 20:05:50', 30000.00, 'Đã thanh toán', 'cod', 'pending', '2025-06-29 04:23:58'),
(169, 3, '2025-04-04 00:24:39', 15000.00, 'Đã hủy', 'cod', 'pending', '2025-06-29 04:23:58'),
(170, 3, '2025-04-04 01:21:06', 19000.00, 'Đã thanh toán', 'cod', 'pending', '2025-06-29 04:23:58'),
(171, 2, '2025-04-04 23:34:50', 30000.00, 'Đã thanh toán', 'cod', 'pending', '2025-06-29 04:23:58'),
(173, 3, '2025-04-08 13:09:00', 50000.00, 'Đã thanh toán', 'cod', 'pending', '2025-06-29 04:23:58'),
(174, 3, '2025-04-08 13:50:43', 27000.00, 'Đã thanh toán', 'cod', 'pending', '2025-06-29 04:23:58'),
(175, 2, '2025-04-10 15:50:27', 15000.00, 'Đã thanh toán', 'cod', 'pending', '2025-06-29 04:23:58'),
(176, 2, '2025-04-11 12:51:40', 27000.00, 'Đã thanh toán', 'cod', 'pending', '2025-06-29 04:23:58'),
(177, 2, '2025-06-25 18:02:41', 30000.00, 'Đã thanh toán', 'cod', 'pending', '2025-06-29 04:23:58'),
(178, 2, '2025-06-26 21:44:23', 59000.00, 'Đã thanh toán', 'cod', 'pending', '2025-06-29 04:23:58'),
(179, 2, '2025-06-29 11:02:14', 59000.00, 'Đã thanh toán', 'cod', 'pending', '2025-06-29 04:23:58'),
(180, 2, '2025-06-29 11:06:46', 47000.00, 'Đã thanh toán', 'cod', 'pending', '2025-06-29 04:23:58'),
(181, 2, '2025-06-29 11:06:56', 47000.00, 'Đã thanh toán', 'bank', 'pending', '2025-06-29 04:23:58'),
(182, 2, '2025-06-29 11:09:37', 27000.00, 'Đã thanh toán', 'bank', 'pending', '2025-06-29 04:23:58'),
(183, 2, '2025-06-29 11:09:53', 15000.00, 'Đã thanh toán', 'cod', 'pending', '2025-06-29 04:23:58'),
(184, 2, '2025-06-29 11:09:59', 15000.00, 'Đã thanh toán', 'bank', 'pending', '2025-06-29 04:23:58'),
(185, 2, '2025-06-29 14:42:16', 12000.00, 'Đã thanh toán', 'bank', 'pending', '2025-06-29 07:42:16'),
(186, 2, '2025-06-29 14:50:13', 15000.00, 'Đã thanh toán', 'bank', 'pending', '2025-06-29 07:50:13'),
(187, 2, '2025-06-29 14:57:32', 15000.00, 'Đã thanh toán', 'cod', 'pending', '2025-06-29 07:57:32'),
(188, 2, '2025-06-29 15:01:31', 15000.00, 'Đã thanh toán', 'cod', 'pending', '2025-06-29 08:01:31'),
(191, 2, '2025-06-29 15:28:05', 30000.00, 'Đã thanh toán', 'bank', 'pending', '2025-06-29 08:28:05'),
(192, 2, '2025-06-29 15:28:23', 30000.00, 'Đã thanh toán', 'bank', 'pending', '2025-06-29 08:28:23'),
(193, 2, '2025-06-29 15:38:14', 15000.00, 'Đã thanh toán', 'cod', 'pending', '2025-06-29 08:38:14'),
(194, 2, '2025-06-29 15:38:37', 15000.00, 'Đã thanh toán', 'bank', 'pending', '2025-06-29 08:38:37'),
(195, 2, '2025-06-29 15:38:48', 15000.00, 'Đã thanh toán', 'cod', 'pending', '2025-06-29 08:38:48'),
(196, 2, '2025-06-29 15:43:50', 45000.00, 'Đã thanh toán', 'cod', 'pending', '2025-06-29 08:43:50'),
(197, 2, '2025-06-29 15:49:08', 15000.00, 'Đã thanh toán', 'cod', 'pending', '2025-06-29 08:49:08'),
(198, 2, '2025-06-29 15:51:17', 15000.00, 'Đã thanh toán', 'cod', 'pending', '2025-06-29 08:51:17'),
(199, 2, '2025-06-29 15:51:24', 15000.00, 'Đã thanh toán', 'cod', 'pending', '2025-06-29 08:51:24'),
(200, 2, '2025-06-29 15:52:17', 15000.00, 'Đã thanh toán', 'cod', 'pending', '2025-06-29 08:52:17'),
(201, 2, '2025-06-29 15:55:43', 12000.00, 'Đã thanh toán', 'bank', 'pending', '2025-06-29 08:55:43'),
(202, 2, '2025-06-29 16:03:52', 39000.00, 'Đã thanh toán', 'cod', 'pending', '2025-06-29 09:03:52'),
(203, 2, '2025-06-29 16:04:31', 30000.00, 'Đã thanh toán', 'cod', 'pending', '2025-06-29 09:04:31'),
(204, 2, '2025-06-29 16:05:18', 12000.00, 'Đã thanh toán', 'bank', 'pending', '2025-06-29 09:05:18'),
(205, 2, '2025-06-29 16:06:26', 15000.00, 'Đã thanh toán', 'cod', 'pending', '2025-06-29 09:06:26'),
(206, 2, '2025-06-29 16:07:35', 183000.00, 'Đã thanh toán', 'bank', 'pending', '2025-06-29 09:07:35'),
(207, 2, '2025-06-29 16:22:58', 1660000.00, 'Đã thanh toán', 'cod', 'pending', '2025-06-29 09:22:58'),
(208, 2, '2025-06-29 16:23:20', 100000.00, 'Đã thanh toán', 'bank', 'pending', '2025-06-29 09:23:20'),
(209, 2, '2025-06-29 16:23:56', 15000.00, 'Đã thanh toán', 'bank', 'pending', '2025-06-29 09:23:56'),
(210, 2, '2025-06-29 16:35:08', 15000.00, 'Đã thanh toán', 'bank', 'pending', '2025-06-29 09:35:08'),
(211, 2, '2025-06-29 16:35:45', 15000.00, 'Đã thanh toán', 'bank', 'pending', '2025-06-29 09:35:45'),
(212, 2, '2025-06-29 16:38:43', 15000.00, 'Đã thanh toán', 'bank', 'pending', '2025-06-29 09:38:43'),
(213, 2, '2025-06-29 16:40:55', 12000.00, 'Đã thanh toán', 'bank', 'pending', '2025-06-29 09:40:55'),
(214, 2, '2025-06-29 16:41:23', 15000.00, 'Đã thanh toán', 'bank', 'pending', '2025-06-29 09:41:23'),
(215, 2, '2025-06-29 16:41:44', 12000.00, 'Đã thanh toán', 'bank', 'pending', '2025-06-29 09:41:44'),
(216, 2, '2025-06-29 16:43:45', 12000.00, 'Đã thanh toán', 'bank', 'pending', '2025-06-29 09:43:45'),
(217, 2, '2025-06-29 16:45:21', 12000.00, 'Đã thanh toán', 'bank', 'pending', '2025-06-29 09:45:21'),
(218, 2, '2025-06-29 16:46:17', 12000.00, 'Đã thanh toán', 'bank', 'pending', '2025-06-29 09:46:17'),
(219, 2, '2025-06-29 16:49:51', 24000.00, 'Đã thanh toán', 'bank', 'pending', '2025-06-29 09:49:51'),
(220, 2, '2025-06-29 16:52:14', 12000.00, 'Đã thanh toán', 'bank', 'pending', '2025-06-29 09:52:14'),
(221, 2, '2025-06-29 16:54:25', 12000.00, 'Đã thanh toán', 'bank', 'pending', '2025-06-29 09:54:25'),
(222, 2, '2025-06-29 16:58:19', 105000.00, 'Đã thanh toán', 'bank', 'pending', '2025-06-29 09:58:19'),
(223, 2, '2025-06-29 17:00:47', 75000.00, 'Đã thanh toán', 'cod', 'pending', '2025-06-29 10:00:47'),
(224, 2, '2025-06-29 17:00:58', 66000.00, 'Đã thanh toán', 'bank', 'pending', '2025-06-29 10:00:58'),
(225, 2, '2025-06-29 17:05:20', 12000.00, 'Đã thanh toán', 'cod', 'pending', '2025-06-29 10:05:20'),
(226, 2, '2025-06-29 17:05:26', 15000.00, 'Đã thanh toán', 'bank', 'pending', '2025-06-29 10:05:26'),
(227, 2, '2025-06-29 17:08:37', 81000.00, 'Đã thanh toán', 'bank', 'pending', '2025-06-29 10:08:37'),
(228, 2, '2025-06-29 17:13:20', 52000.00, 'Đã thanh toán', 'bank', 'pending', '2025-06-29 10:13:20'),
(230, 2, '2025-06-29 17:22:03', 15000.00, 'Đã thanh toán', 'bank', 'pending', '2025-06-29 10:22:03'),
(231, 2, '2025-06-29 17:30:49', 15000.00, 'Đã thanh toán', 'cod', 'pending', '2025-06-29 10:30:49'),
(232, 2, '2025-06-29 17:30:58', 47000.00, 'Đã thanh toán', 'cod', 'pending', '2025-06-29 10:30:58'),
(233, 2, '2025-06-29 17:31:14', 54000.00, 'Đã thanh toán', 'bank', 'pending', '2025-06-29 10:31:14'),
(234, 2, '2025-06-29 17:35:59', 30000.00, 'Đã thanh toán', 'cod', 'pending', '2025-06-29 10:35:59'),
(235, 2, '2025-06-29 17:36:05', 27000.00, 'Đã thanh toán', 'bank', 'pending', '2025-06-29 10:36:05'),
(236, 3, '2025-06-29 19:07:53', 30000.00, 'Đã thanh toán', 'cod', 'pending', '2025-06-29 12:07:53'),
(237, 3, '2025-06-29 19:08:00', 32000.00, 'Đã thanh toán', 'bank', 'pending', '2025-06-29 12:08:00'),
(238, 2, '2025-06-29 19:36:18', 47000.00, 'Đang xử lý', 'bank', 'pending', '2025-06-29 12:52:11'),
(239, 3, '2025-06-29 20:04:50', 35000.00, 'Đã thanh toán', 'cod', 'pending', '2025-06-29 13:04:50'),
(240, 3, '2025-06-29 20:05:05', 68000.00, 'Đã thanh toán', 'bank', 'pending', '2025-06-29 13:05:05'),
(241, 3, '2025-06-29 20:05:42', 48000.00, 'Đã thanh toán', 'bank', 'pending', '2025-06-29 13:05:42'),
(242, 2, '2025-06-29 22:07:38', 30000.00, 'Đã thanh toán', 'cod', 'pending', '2025-06-29 15:07:38'),
(243, 2, '2025-06-29 22:07:47', 15000.00, 'Đã thanh toán', 'bank', 'pending', '2025-06-29 15:07:47'),
(244, 2, '2025-06-29 22:21:36', 30000.00, 'Đã thanh toán', 'bank', 'pending', '2025-06-29 15:21:36'),
(245, 3, '2025-06-30 06:41:57', 15000.00, 'Đã thanh toán', 'cod', 'pending', '2025-06-29 23:41:57'),
(246, 3, '2025-06-30 06:42:03', 15000.00, 'Đã thanh toán', 'bank', 'pending', '2025-06-29 23:42:03'),
(247, 2, '2025-06-30 09:50:02', 27000.00, 'Đã thanh toán', 'cod', 'pending', '2025-06-30 02:50:02'),
(248, 2, '2025-06-30 09:50:10', 15000.00, 'Đã thanh toán', 'bank', 'pending', '2025-06-30 02:50:10');

-- --------------------------------------------------------

--
-- Cấu trúc bảng cho bảng `tbl_hoadon_chitiet`
--

CREATE TABLE `tbl_hoadon_chitiet` (
  `id` int(11) NOT NULL,
  `hoadon_id` int(11) NOT NULL,
  `sanpham_id` int(11) NOT NULL,
  `ten_sp` varchar(255) NOT NULL,
  `gia` decimal(10,2) NOT NULL,
  `so_luong` int(11) NOT NULL
) ENGINE=InnoDB DEFAULT CHARSET=utf8 COLLATE=utf8_unicode_ci;

--
-- Đang đổ dữ liệu cho bảng `tbl_hoadon_chitiet`
--

INSERT INTO `tbl_hoadon_chitiet` (`id`, `hoadon_id`, `sanpham_id`, `ten_sp`, `gia`, `so_luong`) VALUES
(66, 36, 24, 'Cafe Kem Trứng', 24000.00, 2),
(67, 36, 41, 'Yaourt Đá', 19000.00, 3),
(77, 40, 5, 'Cafe muối', 17000.00, 1),
(79, 41, 3, 'Cafe sữa', 15000.00, 4),
(80, 41, 30, 'Bánh Sừng Trâu', 10000.00, 4),
(81, 41, 6, 'Cafe espresso', 22000.00, 1),
(82, 42, 2, 'Cafe đá', 12000.00, 2),
(83, 42, 14, 'Bánh Muffin Trà Xanh', 15000.00, 3),
(84, 43, 4, 'Bạc xỉu', 15000.00, 2),
(85, 43, 8, 'Trà long nhãn hạt sen', 20000.00, 1),
(86, 43, 35, 'Nước Ép Thơm', 15000.00, 1),
(87, 44, 4, 'Bạc xỉu', 15000.00, 1),
(88, 44, 8, 'Trà long nhãn hạt sen', 20000.00, 1),
(89, 44, 7, 'Trà đào cam sả', 17000.00, 1),
(90, 45, 3, 'Cafe sữa', 15000.00, 1),
(91, 46, 2, 'Cafe đá', 12000.00, 1),
(92, 47, 7, 'Trà đào cam sả', 17000.00, 1),
(93, 47, 9, 'Trà ổi hồng', 17000.00, 1),
(94, 47, 10, 'Trà thanh long đỏ', 17000.00, 1),
(95, 47, 8, 'Trà long nhãn hạt sen', 20000.00, 1),
(96, 47, 11, 'Trà vải', 17000.00, 1),
(97, 48, 7, 'Trà đào cam sả', 17000.00, 1),
(98, 48, 11, 'Trà vải', 17000.00, 1),
(99, 48, 4, 'Bạc xỉu', 15000.00, 2),
(100, 48, 3, 'Cafe sữa', 15000.00, 1),
(101, 49, 5, 'Cafe muối', 17000.00, 1),
(102, 49, 9, 'Trà ổi hồng', 17000.00, 1),
(103, 49, 8, 'Trà long nhãn hạt sen', 20000.00, 1),
(104, 49, 11, 'Trà vải', 17000.00, 1),
(105, 50, 3, 'Cafe sữa', 15000.00, 1),
(106, 50, 7, 'Trà đào cam sả', 17000.00, 1),
(107, 51, 4, 'Bạc xỉu', 15000.00, 1),
(108, 52, 4, 'Bạc xỉu', 15000.00, 1),
(109, 52, 8, 'Trà long nhãn hạt sen', 20000.00, 1),
(110, 53, 2, 'Cafe đá', 12000.00, 1),
(111, 53, 6, 'Cafe espresso', 22000.00, 2),
(112, 53, 4, 'Bạc xỉu', 15000.00, 3),
(113, 53, 11, 'Trà vải', 17000.00, 1),
(114, 53, 14, 'Bánh Muffin Trà Xanh', 15000.00, 1),
(115, 53, 16, 'Bánh Tiramisu', 45000.00, 1),
(116, 53, 3, 'Cafe sữa', 15000.00, 2),
(117, 53, 5, 'Cafe muối', 17000.00, 1),
(118, 53, 12, 'Bánh Cheese Cake chanh dây phô mai', 97000.00, 1),
(119, 54, 4, 'Bạc xỉu', 15000.00, 4),
(120, 54, 5, 'Cafe muối', 17000.00, 3),
(121, 54, 3, 'Cafe sữa', 15000.00, 5),
(122, 54, 8, 'Trà long nhãn hạt sen', 20000.00, 1),
(123, 54, 23, 'Matcha Cookie Đá Xay', 21000.00, 2),
(124, 54, 2, 'Cafe đá', 12000.00, 4),
(125, 55, 3, 'Cafe sữa', 15000.00, 2),
(126, 55, 5, 'Cafe muối', 17000.00, 1),
(127, 56, 4, 'Bạc xỉu', 15000.00, 2),
(128, 56, 2, 'Cafe đá', 12000.00, 1),
(129, 56, 7, 'Trà đào cam sả', 17000.00, 1),
(130, 56, 5, 'Cafe muối', 17000.00, 2),
(131, 57, 3, 'Cafe sữa', 15000.00, 1),
(132, 57, 2, 'Cafe đá', 12000.00, 1),
(133, 57, 4, 'Bạc xỉu', 15000.00, 1),
(134, 57, 7, 'Trà đào cam sả', 17000.00, 1),
(135, 58, 3, 'Cafe sữa', 15000.00, 1),
(136, 58, 5, 'Cafe muối', 17000.00, 1),
(137, 59, 3, 'Cafe sữa', 15000.00, 1),
(138, 60, 3, 'Cafe sữa', 15000.00, 1),
(139, 61, 4, 'Bạc xỉu', 15000.00, 1),
(140, 62, 3, 'Cafe sữa', 15000.00, 1),
(141, 63, 4, 'Bạc xỉu', 15000.00, 1),
(142, 64, 3, 'Cafe sữa', 15000.00, 1),
(143, 64, 8, 'Trà long nhãn hạt sen', 20000.00, 1),
(144, 64, 10, 'Trà thanh long đỏ', 17000.00, 1),
(145, 65, 3, 'Cafe sữa', 15000.00, 1),
(146, 66, 4, 'Bạc xỉu', 15000.00, 1),
(147, 67, 3, 'Cafe sữa', 15000.00, 1),
(148, 68, 3, 'Cafe sữa', 15000.00, 1),
(149, 69, 4, 'Bạc xỉu', 15000.00, 1),
(150, 69, 5, 'Cafe muối', 17000.00, 1),
(151, 70, 3, 'Cafe sữa', 15000.00, 1),
(152, 71, 3, 'Cafe sữa', 15000.00, 1),
(153, 72, 3, 'Cafe sữa', 15000.00, 1),
(154, 73, 3, 'Cafe sữa', 15000.00, 1),
(155, 73, 12, 'Bánh Cheese Cake chanh dây phô mai', 97000.00, 1),
(156, 73, 7, 'Trà đào cam sả', 17000.00, 2),
(157, 74, 4, 'Bạc xỉu', 15000.00, 1),
(158, 75, 2, 'Cafe đá', 12000.00, 1),
(159, 76, 3, 'Cafe sữa', 15000.00, 1),
(160, 77, 3, 'Cafe sữa', 15000.00, 1),
(161, 78, 3, 'Cafe sữa', 15000.00, 1),
(162, 79, 4, 'Bạc xỉu', 15000.00, 1),
(163, 80, 3, 'Cafe sữa', 15000.00, 1),
(164, 81, 2, 'Cafe đá', 12000.00, 1),
(165, 82, 5, 'Cafe muối', 17000.00, 1),
(166, 83, 3, 'Cafe sữa', 15000.00, 1),
(167, 84, 3, 'Cafe sữa', 15000.00, 1),
(168, 85, 3, 'Cafe sữa', 15000.00, 1),
(169, 86, 3, 'Cafe sữa', 15000.00, 1),
(170, 87, 3, 'Cafe sữa', 15000.00, 1),
(171, 87, 4, 'Bạc xỉu', 15000.00, 2),
(172, 87, 5, 'Cafe muối', 17000.00, 1),
(173, 88, 3, 'Cafe sữa', 15000.00, 1),
(174, 89, 3, 'Cafe sữa', 15000.00, 1),
(175, 90, 4, 'Bạc xỉu', 15000.00, 1),
(176, 91, 3, 'Cafe sữa', 15000.00, 1),
(177, 92, 3, 'Cafe sữa', 15000.00, 1),
(178, 92, 4, 'Bạc xỉu', 15000.00, 1),
(179, 93, 12, 'Bánh Cheese Cake chanh dây phô mai', 97000.00, 1),
(180, 93, 9, 'Trà ổi hồng', 17000.00, 2),
(181, 93, 3, 'Cafe sữa', 15000.00, 2),
(182, 94, 4, 'Bạc xỉu', 15000.00, 1),
(183, 95, 7, 'Trà đào cam sả', 17000.00, 1),
(184, 96, 2, 'Cafe đá', 12000.00, 2),
(185, 96, 4, 'Bạc xỉu', 15000.00, 1),
(186, 96, 8, 'Trà long nhãn hạt sen', 20000.00, 2),
(187, 96, 5, 'Cafe muối', 17000.00, 3),
(188, 97, 4, 'Bạc xỉu', 15000.00, 9),
(189, 97, 2, 'Cafe đá', 12000.00, 3),
(190, 97, 3, 'Cafe sữa', 15000.00, 5),
(191, 97, 5, 'Cafe muối', 17000.00, 9),
(192, 97, 15, 'Bánh Panna Cotta Dâu', 15000.00, 1),
(193, 97, 11, 'Trà vải', 17000.00, 1),
(194, 97, 7, 'Trà đào cam sả', 17000.00, 1),
(195, 97, 16, 'Bánh Tiramisu', 45000.00, 1),
(204, 99, 2, 'Cafe đá', 12000.00, 1),
(205, 100, 3, 'Cafe sữa', 15000.00, 1),
(206, 100, 5, 'Cafe muối', 17000.00, 1),
(207, 101, 2, 'Cafe đá', 12000.00, 1),
(208, 101, 4, 'Bạc xỉu', 15000.00, 1),
(209, 102, 15, 'Bánh Panna Cotta Dâu', 15000.00, 1),
(210, 102, 23, 'Matcha Cookie Đá Xay', 21000.00, 1),
(211, 102, 5, 'Cafe muối', 17000.00, 1),
(212, 103, 3, 'Cafe sữa', 15000.00, 1),
(213, 104, 3, 'Cafe sữa', 15000.00, 1),
(214, 105, 2, 'Cafe đá', 12000.00, 1),
(215, 106, 4, 'Bạc xỉu', 15000.00, 1),
(216, 106, 7, 'Trà đào cam sả', 17000.00, 1),
(217, 107, 2, 'Cafe đá', 12000.00, 1),
(218, 108, 2, 'Cafe đá', 12000.00, 1),
(219, 109, 2, 'Cafe đá', 12000.00, 1),
(220, 109, 4, 'Bạc xỉu', 15000.00, 1),
(221, 110, 3, 'Cafe sữa', 15000.00, 1),
(222, 110, 4, 'Bạc xỉu', 15000.00, 1),
(223, 111, 3, 'Cafe sữa', 15000.00, 1),
(224, 112, 3, 'Cafe sữa', 15000.00, 1),
(225, 113, 2, 'Cafe đá', 12000.00, 1),
(226, 114, 2, 'Cafe đá', 12000.00, 1),
(227, 115, 3, 'Cafe sữa', 15000.00, 1),
(228, 116, 3, 'Cafe sữa', 15000.00, 1),
(229, 117, 15, 'Bánh Panna Cotta Dâu', 15000.00, 1),
(230, 118, 2, 'Cafe đá', 12000.00, 1),
(231, 119, 2, 'Cafe đá', 12000.00, 1),
(232, 120, 2, 'Cafe đá', 12000.00, 1),
(233, 121, 8, 'Trà long nhãn hạt sen', 20000.00, 1),
(234, 122, 2, 'Cafe đá', 12000.00, 1),
(235, 123, 4, 'Bạc xỉu', 15000.00, 1),
(236, 124, 6, 'Cafe espresso', 22000.00, 1),
(237, 125, 5, 'Cafe muối', 17000.00, 1),
(238, 126, 9, 'Trà ổi hồng', 17000.00, 1),
(239, 127, 5, 'Cafe muối', 17000.00, 1),
(240, 128, 2, 'Cafe đá', 12000.00, 1),
(241, 129, 3, 'Cafe sữa', 15000.00, 1),
(242, 130, 5, 'Cafe muối', 17000.00, 1),
(243, 131, 2, 'Cafe đá', 12000.00, 1),
(244, 132, 4, 'Bạc xỉu', 15000.00, 1),
(245, 133, 4, 'Bạc xỉu', 15000.00, 1),
(246, 134, 3, 'Cafe sữa', 15000.00, 1),
(247, 135, 7, 'Trà đào cam sả', 17000.00, 1),
(248, 136, 3, 'Cafe sữa', 15000.00, 1),
(249, 136, 4, 'Bạc xỉu', 15000.00, 1),
(250, 137, 3, 'Cafe sữa', 15000.00, 1),
(251, 138, 4, 'Bạc xỉu', 15000.00, 1),
(252, 139, 3, 'Cafe sữa', 15000.00, 1),
(253, 140, 2, 'Cafe đá', 12000.00, 1),
(254, 141, 5, 'Cafe muối', 17000.00, 1),
(255, 141, 4, 'Bạc xỉu', 15000.00, 1),
(256, 142, 12, 'Bánh Cheese Cake chanh dây phô mai', 97000.00, 1),
(260, 145, 3, 'Cafe sữa', 15000.00, 1),
(261, 145, 5, 'Cafe muối', 17000.00, 1),
(262, 145, 2, 'Cafe đá', 12000.00, 1),
(263, 146, 3, 'Cafe sữa', 15000.00, 1),
(264, 147, 2, 'Cafe đá', 12000.00, 1),
(265, 148, 2, 'Cafe đá', 12000.00, 1),
(266, 148, 5, 'Cafe muối', 17000.00, 1),
(267, 149, 2, 'Cafe đá', 12000.00, 1),
(268, 150, 4, 'Bạc xỉu', 15000.00, 1),
(269, 150, 5, 'Cafe muối', 17000.00, 1),
(270, 150, 7, 'Trà đào cam sả', 17000.00, 1),
(271, 151, 2, 'Cafe đá', 12000.00, 1),
(272, 152, 3, 'Cafe sữa', 15000.00, 1),
(273, 152, 5, 'Cafe muối', 17000.00, 1),
(274, 152, 8, 'Trà long nhãn hạt sen', 20000.00, 1),
(275, 152, 7, 'Trà đào cam sả', 17000.00, 1),
(276, 153, 5, 'Cafe muối', 17000.00, 1),
(277, 153, 13, 'Bánh Flan', 7000.00, 1),
(278, 153, 12, 'Bánh Cheese Cake chanh dây phô mai', 97000.00, 1),
(279, 154, 3, 'Cafe sữa', 15000.00, 1),
(280, 154, 5, 'Cafe muối', 17000.00, 1),
(281, 154, 7, 'Trà đào cam sả', 17000.00, 1),
(282, 154, 6, 'Cafe espresso', 22000.00, 1),
(289, 156, 5, 'Cafe muối', 17000.00, 1),
(290, 156, 4, 'Bạc xỉu', 15000.00, 1),
(291, 157, 4, 'Bạc xỉu', 15000.00, 1),
(292, 157, 3, 'Cafe sữa', 15000.00, 1),
(293, 157, 2, 'Cafe đá', 12000.00, 1),
(294, 157, 5, 'Cafe muối', 17000.00, 1),
(295, 157, 9, 'Trà ổi hồng', 17000.00, 1),
(296, 158, 2, 'Cafe đá', 12000.00, 1),
(297, 158, 3, 'Cafe sữa', 15000.00, 1),
(298, 158, 4, 'Bạc xỉu', 15000.00, 1),
(299, 158, 5, 'Cafe muối', 17000.00, 1),
(300, 158, 9, 'Trà ổi hồng', 17000.00, 1),
(303, 160, 3, 'Cafe sữa', 15000.00, 1),
(304, 160, 4, 'Bạc xỉu', 15000.00, 1),
(317, 167, 5, 'Cafe muối', 17000.00, 1),
(318, 167, 4, 'Bạc xỉu', 15000.00, 1),
(319, 167, 3, 'Cafe sữa', 15000.00, 2),
(320, 168, 4, 'Bạc xỉu', 15000.00, 1),
(321, 168, 3, 'Cafe sữa', 15000.00, 1),
(322, 169, 3, 'Cafe sữa', 15000.00, 1),
(323, 170, 43, 'Nước Suối Aquafina', 7000.00, 1),
(324, 170, 44, 'Sting', 12000.00, 1),
(325, 171, 3, 'Cafe sữa', 15000.00, 1),
(326, 171, 4, 'Bạc xỉu', 15000.00, 1),
(329, 173, 4, 'Bạc xỉu', 15000.00, 1),
(330, 173, 8, 'Trà long nhãn hạt sen', 20000.00, 1),
(331, 173, 15, 'Bánh Panna Cotta Dâu', 15000.00, 1),
(332, 174, 2, 'Cafe đá', 12000.00, 1),
(333, 174, 4, 'Bạc xỉu', 15000.00, 1),
(334, 175, 15, 'Bánh Panna Cotta Dâu', 15000.00, 1),
(335, 176, 2, 'Cafe đá', 12000.00, 1),
(336, 176, 4, 'Bạc xỉu', 15000.00, 1),
(337, 177, 3, 'Cafe sữa', 15000.00, 1),
(338, 177, 4, 'Bạc xỉu', 15000.00, 1),
(339, 178, 2, 'Cafe đá', 12000.00, 1),
(340, 178, 3, 'Cafe sữa', 15000.00, 1),
(341, 178, 4, 'Bạc xỉu', 15000.00, 1),
(342, 178, 5, 'Cafe muối', 17000.00, 1),
(343, 179, 2, 'Cafe đá', 12000.00, 1),
(344, 179, 3, 'Cafe sữa', 15000.00, 1),
(345, 179, 4, 'Bạc xỉu', 15000.00, 1),
(346, 179, 5, 'Cafe muối', 17000.00, 1),
(347, 180, 3, 'Cafe sữa', 15000.00, 1),
(348, 180, 4, 'Bạc xỉu', 15000.00, 1),
(349, 180, 5, 'Cafe muối', 17000.00, 1),
(350, 181, 3, 'Cafe sữa', 15000.00, 1),
(351, 181, 4, 'Bạc xỉu', 15000.00, 1),
(352, 181, 5, 'Cafe muối', 17000.00, 1),
(353, 182, 2, 'Cafe đá', 12000.00, 1),
(354, 182, 3, 'Cafe sữa', 15000.00, 1),
(355, 183, 4, 'Bạc xỉu', 15000.00, 1),
(356, 184, 3, 'Cafe sữa', 15000.00, 1),
(357, 185, 2, 'Cafe đá', 12000.00, 1),
(358, 186, 4, 'Bạc xỉu', 15000.00, 1),
(359, 187, 3, 'Cafe sữa', 15000.00, 1),
(360, 188, 3, 'Cafe sữa', 15000.00, 1),
(364, 191, 3, 'Cafe sữa', 15000.00, 1),
(365, 191, 4, 'Bạc xỉu', 15000.00, 1),
(366, 192, 3, 'Cafe sữa', 15000.00, 1),
(367, 192, 4, 'Bạc xỉu', 15000.00, 1),
(368, 193, 3, 'Cafe sữa', 15000.00, 1),
(369, 194, 3, 'Cafe sữa', 15000.00, 1),
(370, 195, 3, 'Cafe sữa', 15000.00, 1),
(371, 196, 3, 'Cafe sữa', 15000.00, 3),
(372, 197, 3, 'Cafe sữa', 15000.00, 1),
(373, 198, 3, 'Cafe sữa', 15000.00, 1),
(374, 199, 3, 'Cafe sữa', 15000.00, 1),
(375, 200, 3, 'Cafe sữa', 15000.00, 1),
(376, 201, 2, 'Cafe đá', 12000.00, 1),
(377, 202, 2, 'Cafe đá', 12000.00, 2),
(378, 202, 3, 'Cafe sữa', 15000.00, 1),
(379, 203, 3, 'Cafe sữa', 15000.00, 1),
(380, 203, 4, 'Bạc xỉu', 15000.00, 1),
(381, 204, 2, 'Cafe đá', 12000.00, 1),
(382, 205, 3, 'Cafe sữa', 15000.00, 1),
(383, 206, 3, 'Cafe sữa', 15000.00, 1),
(384, 206, 4, 'Bạc xỉu', 15000.00, 1),
(385, 206, 6, 'Cafe espresso', 22000.00, 1),
(386, 206, 7, 'Trà đào cam sả', 17000.00, 1),
(387, 206, 9, 'Trà ổi hồng', 17000.00, 1),
(388, 206, 12, 'Bánh Cheese Cake chanh dây phô mai', 97000.00, 1),
(389, 207, 27, 'Cappuchino', 22000.00, 1),
(390, 207, 35, 'Nước Ép Thơm', 15000.00, 6),
(391, 207, 36, 'Sinh Tố Bơ', 33000.00, 2),
(392, 207, 34, 'Nước Ép Thanh Long', 15000.00, 1),
(393, 207, 33, 'Nước Ép Táo', 15000.00, 1),
(394, 207, 32, 'Nước Ép Dưa Hấu', 15000.00, 3),
(395, 207, 31, 'Nước Ép Cam', 15000.00, 3),
(396, 207, 46, 'Trà Xanh Hương Chanh', 12000.00, 3),
(397, 207, 47, 'Sinh Tố Việt Quấc', 35000.00, 2),
(398, 207, 48, 'Cafe Đá Xay', 35000.00, 1),
(399, 207, 2, 'Cafe đá', 12000.00, 2),
(400, 207, 16, 'Bánh Tiramisu', 45000.00, 1),
(401, 207, 23, 'Matcha Cookie Đá Xay', 21000.00, 1),
(402, 207, 15, 'Bánh Panna Cotta Dâu', 15000.00, 2),
(403, 207, 24, 'Cafe Kem Trứng', 24000.00, 1),
(404, 207, 42, 'Coca', 12000.00, 1),
(405, 207, 7, 'Trà đào cam sả', 17000.00, 2),
(406, 207, 40, 'Sinh Tố Xoài', 33000.00, 10),
(407, 207, 37, 'Sinh Tố Dâu', 35000.00, 1),
(408, 207, 43, 'Nước Suối Aquafina', 7000.00, 3),
(409, 207, 44, 'Sting', 12000.00, 5),
(410, 207, 45, 'Trà Xanh 0 Độ', 12000.00, 17),
(411, 207, 5, 'Cafe muối', 17000.00, 4),
(412, 207, 8, 'Trà long nhãn hạt sen', 20000.00, 4),
(413, 207, 3, 'Cafe sữa', 15000.00, 3),
(414, 207, 41, 'Yaourt Đá', 19000.00, 9),
(415, 207, 9, 'Trà ổi hồng', 17000.00, 1),
(416, 208, 2, 'Cafe đá', 12000.00, 1),
(417, 208, 46, 'Trà Xanh Hương Chanh', 12000.00, 5),
(418, 208, 43, 'Nước Suối Aquafina', 7000.00, 4),
(419, 209, 3, 'Cafe sữa', 15000.00, 1),
(420, 210, 3, 'Cafe sữa', 15000.00, 1),
(421, 211, 3, 'Cafe sữa', 15000.00, 1),
(422, 212, 3, 'Cafe sữa', 15000.00, 1),
(423, 213, 2, 'Cafe đá', 12000.00, 1),
(424, 214, 4, 'Bạc xỉu', 15000.00, 1),
(425, 215, 2, 'Cafe đá', 12000.00, 1),
(426, 216, 2, 'Cafe đá', 12000.00, 1),
(427, 217, 2, 'Cafe đá', 12000.00, 1),
(428, 218, 2, 'Cafe đá', 12000.00, 1),
(429, 219, 2, 'Cafe đá', 12000.00, 1),
(430, 219, 42, 'Coca', 12000.00, 1),
(431, 220, 2, 'Cafe đá', 12000.00, 1),
(432, 221, 2, 'Cafe đá', 12000.00, 1),
(433, 222, 4, 'Bạc xỉu', 15000.00, 7),
(434, 223, 3, 'Cafe sữa', 15000.00, 3),
(435, 223, 4, 'Bạc xỉu', 15000.00, 2),
(436, 224, 3, 'Cafe sữa', 15000.00, 1),
(437, 224, 7, 'Trà đào cam sả', 17000.00, 1),
(438, 224, 9, 'Trà ổi hồng', 17000.00, 1),
(439, 224, 5, 'Cafe muối', 17000.00, 1),
(440, 225, 2, 'Cafe đá', 12000.00, 1),
(441, 226, 3, 'Cafe sữa', 15000.00, 1),
(442, 227, 2, 'Cafe đá', 12000.00, 3),
(443, 227, 3, 'Cafe sữa', 15000.00, 3),
(444, 228, 3, 'Cafe sữa', 15000.00, 1),
(445, 228, 9, 'Trà ổi hồng', 17000.00, 1),
(446, 228, 8, 'Trà long nhãn hạt sen', 20000.00, 1),
(448, 230, 3, 'Cafe sữa', 15000.00, 1),
(449, 231, 3, 'Cafe sữa', 15000.00, 1),
(450, 232, 3, 'Cafe sữa', 15000.00, 1),
(451, 232, 4, 'Bạc xỉu', 15000.00, 1),
(452, 232, 5, 'Cafe muối', 17000.00, 1),
(453, 233, 8, 'Trà long nhãn hạt sen', 20000.00, 1),
(454, 233, 9, 'Trà ổi hồng', 17000.00, 1),
(455, 233, 7, 'Trà đào cam sả', 17000.00, 1),
(456, 234, 3, 'Cafe sữa', 15000.00, 1),
(457, 234, 4, 'Bạc xỉu', 15000.00, 1),
(458, 235, 2, 'Cafe đá', 12000.00, 1),
(459, 235, 3, 'Cafe sữa', 15000.00, 1),
(460, 236, 3, 'Cafe sữa', 15000.00, 1),
(461, 236, 4, 'Bạc xỉu', 15000.00, 1),
(462, 237, 4, 'Bạc xỉu', 15000.00, 1),
(463, 237, 5, 'Cafe muối', 17000.00, 1),
(464, 238, 4, 'Bạc xỉu', 15000.00, 1),
(465, 238, 5, 'Cafe muối', 17000.00, 1),
(466, 238, 3, 'Cafe sữa', 15000.00, 1),
(467, 239, 4, 'Bạc xỉu', 15000.00, 1),
(468, 239, 8, 'Trà long nhãn hạt sen', 20000.00, 1),
(469, 240, 10, 'Trà thanh long đỏ', 17000.00, 2),
(470, 240, 11, 'Trà vải', 17000.00, 2),
(471, 241, 42, 'Coca', 12000.00, 4),
(472, 242, 4, 'Bạc xỉu', 15000.00, 1),
(473, 242, 3, 'Cafe sữa', 15000.00, 1),
(474, 243, 4, 'Bạc xỉu', 15000.00, 1),
(475, 244, 3, 'Cafe sữa', 15000.00, 1),
(476, 244, 4, 'Bạc xỉu', 15000.00, 1),
(477, 245, 3, 'Cafe sữa', 15000.00, 1),
(478, 246, 4, 'Bạc xỉu', 15000.00, 1),
(479, 247, 2, 'Cafe đá', 12000.00, 1),
(480, 247, 3, 'Cafe sữa', 15000.00, 1),
(481, 248, 4, 'Bạc xỉu', 15000.00, 1);

-- --------------------------------------------------------

--
-- Cấu trúc bảng cho bảng `tbl_khachhang`
--

CREATE TABLE `tbl_khachhang` (
  `id` int(11) NOT NULL,
  `hoten` varchar(100) NOT NULL,
  `sdt` varchar(20) NOT NULL,
  `diachi` varchar(255) NOT NULL,
  `username` varchar(50) NOT NULL,
  `password` varchar(255) NOT NULL,
  `avatar` varchar(255) DEFAULT NULL
) ENGINE=InnoDB DEFAULT CHARSET=utf8 COLLATE=utf8_unicode_ci;

--
-- Đang đổ dữ liệu cho bảng `tbl_khachhang`
--

INSERT INTO `tbl_khachhang` (`id`, `hoten`, `sdt`, `diachi`, `username`, `password`, `avatar`) VALUES
(1, 'Mai Nhựt Minh', '0869378427', 'Cờ Đỏ,Cần Thơ', 'abc', '1111', 'uploads/avatars/avatar_1_1750996862.png'),
(2, 'Phan Khánh Quyên', '0987654321', 'Lê Bình, Cái Răng, Cần Thơ', 'quyen', '111', 'uploads/avatars/avatar_2_1750996430.jpg'),
(3, 'Trần Văn A', '0987654321', 'Lê Bình, Cái Răng, Cần Thơ', 'aaa', '111', NULL);

-- --------------------------------------------------------

--
-- Cấu trúc bảng cho bảng `tbl_sanpham`
--

CREATE TABLE `tbl_sanpham` (
  `id` int(11) NOT NULL,
  `tensp` varchar(50) NOT NULL,
  `img` varchar(50) NOT NULL,
  `giacu` double(10,0) NOT NULL DEFAULT 0,
  `gia` double(10,0) NOT NULL DEFAULT 0,
  `iddm` int(11) NOT NULL,
  `view` int(6) NOT NULL DEFAULT 0,
  `special` tinyint(1) NOT NULL DEFAULT 0,
  `mota` varchar(500) DEFAULT NULL,
  `detail` text DEFAULT NULL
) ENGINE=InnoDB DEFAULT CHARSET=utf8 COLLATE=utf8_unicode_ci;

--
-- Đang đổ dữ liệu cho bảng `tbl_sanpham`
--

INSERT INTO `tbl_sanpham` (`id`, `tensp`, `img`, `giacu`, `gia`, `iddm`, `view`, `special`, `mota`, `detail`) VALUES
(2, 'Cafe đá', '../uploaded/3-ca-phe-den.jpg', 0, 12000, 6, 0, 0, NULL, NULL),
(3, 'Cafe sữa', '../uploaded/cafe-sua.jpg', 0, 15000, 6, 0, 0, NULL, NULL),
(4, 'Bạc xỉu', '../uploaded/bac-xiu.jpg', 0, 15000, 6, 0, 0, NULL, NULL),
(5, 'Cafe muối', '../uploaded/ca-phe-muoi.jpg', 0, 17000, 6, 0, 0, NULL, NULL),
(6, 'Cafe espresso', '../uploaded/espresso.jpg', 0, 22000, 6, 0, 0, NULL, NULL),
(7, 'Trà đào cam sả', '../uploaded/tra-dao-cam-sa.jpg', 0, 17000, 7, 0, 0, NULL, NULL),
(8, 'Trà long nhãn hạt sen', '../uploaded/tra-long-nhan-hat-sen.jpg', 0, 20000, 7, 0, 0, NULL, NULL),
(9, 'Trà ổi hồng', '../uploaded/tra-oi-hong.jpg', 0, 17000, 7, 0, 0, NULL, NULL),
(10, 'Trà thanh long đỏ', '../uploaded/tra-thanh-long.jpg', 0, 17000, 7, 0, 0, NULL, NULL),
(11, 'Trà vải', '../uploaded/tra-vai.jpg', 0, 17000, 7, 0, 0, NULL, NULL),
(12, 'Bánh Cheese Cake chanh dây phô mai', '../uploaded/banh-cheesecake-chanh-day-pho-mai.png', 0, 97000, 8, 0, 0, NULL, NULL),
(13, 'Bánh Flan', '../uploaded/banh-flan.jpg', 0, 7000, 8, 0, 0, NULL, NULL),
(14, 'Bánh Muffin Trà Xanh', '../uploaded/muffintraxanh.jpg', 0, 15000, 8, 0, 0, NULL, NULL),
(15, 'Bánh Panna Cotta Dâu', '../uploaded/panna-cotta-dau.jpg', 0, 15000, 8, 0, 0, NULL, NULL),
(16, 'Bánh Tiramisu', '../uploaded/tiramisu-cake.png', 0, 45000, 8, 0, 0, NULL, NULL),
(23, 'Matcha Cookie Đá Xay', '../uploaded/matcha-daxay.jpg', 0, 21000, 13, 0, 0, NULL, NULL),
(24, 'Cafe Kem Trứng', '../uploaded/cafe-kem-trung.jpg', 0, 24000, 6, 0, 0, NULL, NULL),
(25, 'Cafe Cam', '../uploaded/cafe-cam.jpg', 0, 19000, 6, 0, 0, NULL, NULL),
(27, 'Cappuchino', '../uploaded/Cappuccino.jpg', 0, 22000, 6, 0, 0, NULL, NULL),
(28, ' Cookie Đá Xay', '../uploaded/cookie_da_xay.jpg', 0, 21000, 13, 0, 0, NULL, NULL),
(29, 'Caramel Macchiato Đá Xay', '../uploaded/caramel-macchiato-daxay.jpg', 0, 27000, 13, 0, 0, NULL, NULL),
(30, 'Bánh Sừng Trâu', '../uploaded/banhsungtrau.jpg', 0, 10000, 8, 0, 0, NULL, NULL),
(31, 'Nước Ép Cam', '../uploaded/nuoc-ep-cam.jpg', 0, 15000, 14, 0, 0, NULL, NULL),
(32, 'Nước Ép Dưa Hấu', '../uploaded/nuoc-ep-dua-hau.jpg', 0, 15000, 14, 0, 0, NULL, NULL),
(33, 'Nước Ép Táo', '../uploaded/nuoc-ep-tao.jpg', 0, 15000, 14, 0, 0, NULL, NULL),
(34, 'Nước Ép Thanh Long', '../uploaded/nuoc-ep-thanh-long.jpg', 0, 15000, 14, 0, 0, NULL, NULL),
(35, 'Nước Ép Thơm', '../uploaded/nuocepthom.jpg', 0, 15000, 14, 0, 0, NULL, NULL),
(36, 'Sinh Tố Bơ', '../uploaded/sinh-to-bo.jpg', 0, 33000, 15, 0, 0, NULL, NULL),
(37, 'Sinh Tố Dâu', '../uploaded/sinhtodau.jpg', 0, 35000, 15, 0, 0, NULL, NULL),
(38, 'Sinh Tố Dưa Lưới', '../uploaded/sinh-to-dua-luoi.jpg', 0, 37000, 15, 0, 0, NULL, NULL),
(39, 'Sinh Tố Sầu Riêng', '../uploaded/sinhtosaurieng.jpg', 0, 37000, 15, 0, 0, NULL, NULL),
(40, 'Sinh Tố Xoài', '../uploaded/sinhtoxoai.jpg', 0, 33000, 15, 0, 0, NULL, NULL),
(41, 'Yaourt Đá', '../uploaded/yaourt-da-.png', 0, 19000, 13, 0, 0, NULL, NULL),
(42, 'Coca', '../uploaded/coca.jpg', 0, 12000, 16, 0, 0, NULL, NULL),
(43, 'Nước Suối Aquafina', '../uploaded/nuoc-suoi-aquafina.jpg', 0, 7000, 16, 0, 0, NULL, NULL),
(44, 'Sting', '../uploaded/sting.jpg', 0, 12000, 16, 0, 0, NULL, NULL),
(45, 'Trà Xanh 0 Độ', '../uploaded/tra-xang-0-do.jpg', 0, 12000, 16, 0, 0, NULL, NULL),
(46, 'Trà Xanh Hương Chanh', '../uploaded/tra-xanh-huong-chanh.jpg', 0, 12000, 16, 0, 0, NULL, NULL),
(47, 'Sinh Tố Việt Quấc', '../uploaded/sinh-to-mam-xoi.jpg', 0, 35000, 15, 0, 0, NULL, NULL),
(48, 'Cafe Đá Xay', '../uploaded/cafe-da-xay.jpg', 0, 35000, 13, 0, 0, NULL, NULL),
(49, 'Trà Đào', '../uploaded/tradao.png', 0, 17000, 7, 0, 0, NULL, NULL);

-- --------------------------------------------------------

--
-- Cấu trúc bảng cho bảng `tbl_staff`
--

CREATE TABLE `tbl_staff` (
  `id` int(11) NOT NULL,
  `name` varchar(100) NOT NULL
) ENGINE=InnoDB DEFAULT CHARSET=utf8mb4 COLLATE=utf8mb4_unicode_ci;

--
-- Đang đổ dữ liệu cho bảng `tbl_staff`
--

INSERT INTO `tbl_staff` (`id`, `name`) VALUES
(2, 'Nhân viên ảo A'),
(3, 'Nhân viên ảo B');

-- --------------------------------------------------------

--
-- Cấu trúc bảng cho bảng `tbl_thongke_ngay`
--

CREATE TABLE `tbl_thongke_ngay` (
  `id` int(11) NOT NULL,
  `ngay` date NOT NULL,
  `user_id` int(11) DEFAULT NULL,
  `tong_doanh_thu` decimal(10,2) NOT NULL DEFAULT 0.00,
  `tong_don_hang` int(11) NOT NULL DEFAULT 0,
  `tong_san_pham` int(11) NOT NULL DEFAULT 0,
  `ghi_chu` varchar(255) DEFAULT NULL
) ENGINE=InnoDB DEFAULT CHARSET=utf8mb4 COLLATE=utf8mb4_unicode_ci;

--
-- Đang đổ dữ liệu cho bảng `tbl_thongke_ngay`
--

INSERT INTO `tbl_thongke_ngay` (`id`, `ngay`, `user_id`, `tong_doanh_thu`, `tong_don_hang`, `tong_san_pham`, `ghi_chu`) VALUES
(2, '2025-04-02', NULL, 712000.00, 40, 48, NULL),
(37, '2025-04-03', 2, 741000.00, 13, 38, NULL),
(45, '2025-04-04', 3, 0.00, 0, 0, NULL),
(46, '2025-04-08', NULL, 50000.00, 1, 3, NULL),
(50, '2025-06-25', NULL, 30000.00, 1, 2, NULL),
(51, '2025-06-29', NULL, 3605000.00, 63, 219, NULL),
(106, '2025-06-30', NULL, 72000.00, 4, 5, NULL);

-- --------------------------------------------------------

--
-- Cấu trúc bảng cho bảng `tbl_thongke_sanpham`
--

CREATE TABLE `tbl_thongke_sanpham` (
  `id` int(11) NOT NULL,
  `thongke_id` int(11) NOT NULL,
  `sanpham_id` int(11) NOT NULL,
  `ten_sp` varchar(255) NOT NULL,
  `so_luong` int(11) NOT NULL DEFAULT 0,
  `doanh_thu` decimal(10,2) NOT NULL DEFAULT 0.00
) ENGINE=InnoDB DEFAULT CHARSET=utf8mb4 COLLATE=utf8mb4_unicode_ci;

--
-- Đang đổ dữ liệu cho bảng `tbl_thongke_sanpham`
--

INSERT INTO `tbl_thongke_sanpham` (`id`, `thongke_id`, `sanpham_id`, `ten_sp`, `so_luong`, `doanh_thu`) VALUES
(44568, 2, 2, 'Cafe đá', 14, 168000.00),
(44569, 2, 3, 'Cafe sữa', 13, 195000.00),
(44570, 2, 4, 'Bạc xỉu', 8, 120000.00),
(44571, 2, 5, 'Cafe muối', 5, 85000.00),
(44572, 2, 6, 'Cafe espresso', 1, 22000.00),
(44573, 2, 7, 'Trà đào cam sả', 2, 34000.00),
(44574, 2, 8, 'Trà long nhãn hạt sen', 1, 20000.00),
(44575, 2, 9, 'Trà ổi hồng', 1, 17000.00),
(44576, 2, 15, 'Bánh Panna Cotta Dâu', 2, 30000.00),
(44577, 2, 23, 'Matcha Cookie Đá Xay', 1, 21000.00),
(45201, 37, 2, 'Cafe đá', 5, 60000.00),
(45202, 37, 3, 'Cafe sữa', 7, 105000.00),
(45203, 37, 4, 'Bạc xỉu', 6, 90000.00),
(45204, 37, 5, 'Cafe muối', 8, 136000.00),
(45205, 37, 6, 'Cafe espresso', 1, 22000.00),
(45206, 37, 7, 'Trà đào cam sả', 3, 51000.00),
(45207, 37, 8, 'Trà long nhãn hạt sen', 1, 20000.00),
(45208, 37, 9, 'Trà ổi hồng', 1, 17000.00),
(45209, 37, 11, 'Trà vải', 1, 17000.00),
(45210, 37, 12, 'Bánh Cheese Cake chanh dây phô mai', 2, 194000.00),
(45211, 37, 13, 'Bánh Flan', 2, 14000.00),
(45212, 37, 15, 'Bánh Panna Cotta Dâu', 1, 15000.00),
(45220, 46, 4, 'Bạc xỉu', 1, 15000.00),
(45221, 46, 8, 'Trà long nhãn hạt sen', 1, 20000.00),
(45222, 46, 15, 'Bánh Panna Cotta Dâu', 1, 15000.00),
(45226, 50, 3, 'Cafe sữa', 1, 15000.00),
(45227, 50, 4, 'Bạc xỉu', 1, 15000.00),
(45344, 51, 2, 'Cafe đá', 24, 288000.00),
(45345, 51, 3, 'Cafe sữa', 45, 675000.00),
(45346, 51, 4, 'Bạc xỉu', 23, 345000.00),
(45347, 51, 5, 'Cafe muối', 10, 170000.00),
(45348, 51, 6, 'Cafe espresso', 1, 22000.00),
(45349, 51, 7, 'Trà đào cam sả', 5, 85000.00),
(45350, 51, 8, 'Trà long nhãn hạt sen', 6, 120000.00),
(45351, 51, 9, 'Trà ổi hồng', 5, 85000.00),
(45352, 51, 12, 'Bánh Cheese Cake chanh dây phô mai', 1, 97000.00),
(45353, 51, 15, 'Bánh Panna Cotta Dâu', 2, 30000.00),
(45354, 51, 16, 'Bánh Tiramisu', 1, 45000.00),
(45355, 51, 23, 'Matcha Cookie Đá Xay', 1, 21000.00),
(45356, 51, 24, 'Cafe Kem Trứng', 1, 24000.00),
(45357, 51, 27, 'Cappuchino', 1, 22000.00),
(45358, 51, 31, 'Nước Ép Cam', 3, 45000.00),
(45359, 51, 32, 'Nước Ép Dưa Hấu', 3, 45000.00),
(45360, 51, 33, 'Nước Ép Táo', 1, 15000.00),
(45361, 51, 34, 'Nước Ép Thanh Long', 1, 15000.00),
(45362, 51, 35, 'Nước Ép Thơm', 6, 90000.00),
(45363, 51, 36, 'Sinh Tố Bơ', 2, 66000.00),
(45364, 51, 37, 'Sinh Tố Dâu', 1, 35000.00),
(45365, 51, 40, 'Sinh Tố Xoài', 10, 330000.00),
(45366, 51, 41, 'Yaourt Đá', 9, 171000.00),
(45367, 51, 42, 'Coca', 2, 24000.00),
(45368, 51, 43, 'Nước Suối Aquafina', 7, 49000.00),
(45369, 51, 44, 'Sting', 5, 60000.00),
(45370, 51, 45, 'Trà Xanh 0 Độ', 17, 204000.00),
(45371, 51, 46, 'Trà Xanh Hương Chanh', 8, 96000.00),
(45372, 51, 47, 'Sinh Tố Việt Quấc', 2, 70000.00),
(45373, 51, 48, 'Cafe Đá Xay', 1, 35000.00),
(45375, 51, 4, 'Bạc xỉu', 1, 15000.00),
(45376, 51, 8, 'Trà long nhãn hạt sen', 1, 20000.00),
(45377, 51, 10, 'Trà thanh long đỏ', 2, 34000.00),
(45378, 51, 11, 'Trà vải', 2, 34000.00),
(45379, 51, 42, 'Coca', 4, 48000.00),
(45380, 51, 4, 'Bạc xỉu', 1, 15000.00),
(45381, 51, 3, 'Cafe sữa', 1, 15000.00),
(45382, 51, 4, 'Bạc xỉu', 1, 15000.00),
(45383, 51, 3, 'Cafe sữa', 1, 15000.00),
(45384, 51, 4, 'Bạc xỉu', 1, 15000.00),
(45387, 106, 3, 'Cafe sữa', 1, 15000.00),
(45388, 106, 4, 'Bạc xỉu', 1, 15000.00),
(45390, 106, 2, 'Cafe đá', 1, 12000.00),
(45391, 106, 3, 'Cafe sữa', 1, 15000.00),
(45392, 106, 4, 'Bạc xỉu', 1, 15000.00);

-- --------------------------------------------------------

--
-- Cấu trúc bảng cho bảng `tbl_user`
--

CREATE TABLE `tbl_user` (
  `id` int(11) NOT NULL,
  `name` varchar(50) DEFAULT NULL,
  `address` varchar(50) DEFAULT NULL,
  `email` varchar(50) DEFAULT NULL,
  `user` varchar(20) NOT NULL,
  `pass` varchar(20) NOT NULL,
  `role` tinyint(1) NOT NULL DEFAULT 0
) ENGINE=InnoDB DEFAULT CHARSET=utf8 COLLATE=utf8_unicode_ci;

--
-- Đang đổ dữ liệu cho bảng `tbl_user`
--

INSERT INTO `tbl_user` (`id`, `name`, `address`, `email`, `user`, `pass`, `role`) VALUES
(1, NULL, NULL, NULL, 'admin', '123', 1),
(2, NULL, NULL, NULL, 'minh', '123', 0),
(3, NULL, NULL, NULL, 'quyen', '123', 0);

-- --------------------------------------------------------

--
-- Cấu trúc bảng cho bảng `tbl_working_time`
--

CREATE TABLE `tbl_working_time` (
  `id` int(11) NOT NULL,
  `user_id` int(11) NOT NULL,
  `username` varchar(255) NOT NULL,
  `time_login` datetime DEFAULT current_timestamp(),
  `time_logout` datetime DEFAULT NULL
) ENGINE=InnoDB DEFAULT CHARSET=utf8 COLLATE=utf8_unicode_ci;

--
-- Đang đổ dữ liệu cho bảng `tbl_working_time`
--

INSERT INTO `tbl_working_time` (`id`, `user_id`, `username`, `time_login`, `time_logout`) VALUES
(37, 2, 'minh', '2025-03-15 08:30:52', '2025-03-15 08:35:32'),
(39, 3, 'quyen', '2025-03-15 08:39:09', '2025-03-15 08:39:35'),
(40, 3, 'quyen', '2025-03-15 09:05:44', '2025-03-15 10:25:31'),
(42, 2, 'minh', '2025-03-16 19:32:55', '2025-03-16 19:34:39'),
(44, 2, 'minh', '2025-03-18 15:31:59', '2025-03-18 15:34:23'),
(49, 2, 'minh', '2025-03-19 14:00:49', '2025-03-22 19:44:45'),
(50, 3, 'quyen', '2025-03-22 19:46:23', '2025-03-22 19:46:46'),
(51, 2, 'minh', '2025-04-01 10:32:16', '2025-04-01 10:45:44'),
(52, 2, 'minh', '2025-04-01 11:56:18', '2025-04-01 11:58:52'),
(53, 2, 'minh', '2025-04-01 14:06:24', '2025-04-01 16:25:12'),
(54, 2, 'minh', '2025-04-01 16:27:07', '2025-04-01 19:38:57'),
(56, 3, 'quyen', '2025-04-01 20:42:06', '2025-04-01 23:22:57'),
(59, 2, 'minh', '2025-04-02 00:27:13', '2025-04-02 00:27:23'),
(60, 3, 'quyen', '2025-04-02 08:30:19', '2025-04-02 08:30:29'),
(61, 2, 'minh', '2025-04-02 08:44:45', '2025-04-02 10:08:10'),
(62, 3, 'quyen', '2025-04-02 10:55:46', '2025-04-02 12:42:21'),
(64, 3, 'quyen', '2025-04-02 15:17:49', '2025-04-02 16:50:18'),
(65, 2, 'minh', '2025-04-02 16:55:37', '2025-04-02 18:41:23'),
(68, 3, 'quyen', '2025-04-02 19:53:51', '2025-04-02 19:54:01'),
(69, 3, 'quyen', '2025-04-02 21:20:45', '2025-04-03 00:08:37'),
(70, 3, 'quyen', '2025-04-03 00:39:49', '2025-04-03 00:39:52'),
(71, 3, 'quyen', '2025-04-03 00:41:40', '2025-04-03 00:42:17'),
(72, 2, 'minh', '2025-04-03 00:47:07', '2025-04-03 00:55:58'),
(73, 3, 'quyen', '2025-04-03 09:47:03', '2025-04-03 09:47:35'),
(74, 3, 'quyen', '2025-04-03 09:47:40', '2025-04-03 10:01:03'),
(75, 2, 'minh', '2025-04-03 10:01:22', '2025-04-03 11:13:44'),
(76, 2, 'minh', '2025-04-03 11:05:01', '2025-04-03 11:09:15'),
(78, 3, 'quyen', '2025-04-03 13:42:21', '2025-04-03 13:53:00'),
(80, 3, 'quyen', '2025-04-03 15:55:08', '2025-04-03 15:58:10'),
(83, 2, 'minh', '2025-04-03 16:27:29', '2025-04-03 16:28:43'),
(84, 3, 'quyen', '2025-04-03 19:40:34', '2025-04-03 19:42:41'),
(85, 3, 'quyen', '2025-04-03 19:57:54', '2025-04-03 20:03:05'),
(86, 3, 'quyen', '2025-04-03 20:03:39', '2025-04-03 20:22:10'),
(87, 3, 'quyen', '2025-04-03 20:48:25', '2025-04-03 21:35:19'),
(88, 3, 'quyen', '2025-04-03 20:51:52', '2025-04-03 20:57:45'),
(89, 3, 'quyen', '2025-04-03 21:17:26', '2025-04-03 21:32:57'),
(90, 2, 'minh', '2025-04-03 21:35:24', '2025-04-04 00:15:54'),
(92, 3, 'quyen', '2025-04-04 01:20:02', '2025-04-04 01:21:13'),
(93, 2, 'minh', '2025-04-04 23:34:45', '2025-04-04 23:35:01'),
(94, 2, 'minh', '2025-04-05 09:29:26', '2025-04-05 09:30:31'),
(95, 3, 'quyen', '2025-04-08 13:08:37', '2025-04-08 13:09:26'),
(96, 3, 'quyen', '2025-04-08 13:20:25', '2025-04-08 13:27:32'),
(97, 3, 'quyen', '2025-04-08 13:35:02', '2025-04-08 13:36:13'),
(98, 3, 'quyen', '2025-04-08 13:50:36', '2025-04-08 13:52:29'),
(99, 2, 'minh', '2025-04-08 14:54:10', '2025-04-08 15:28:02'),
(100, 2, 'minh', '2025-04-10 15:49:53', '2025-04-10 15:50:47'),
(101, 2, 'minh', '2025-04-11 12:51:32', '2025-04-11 12:52:10'),
(102, 2, 'minh', '2025-06-25 11:10:38', '2025-06-25 21:00:04'),
(103, 2, 'minh', '2025-06-25 21:12:10', '2025-06-26 21:42:55'),
(104, 3, 'quyen', '2025-06-26 21:43:04', '2025-06-26 21:43:30'),
(105, 2, 'minh', '2025-06-26 21:43:34', '2025-06-26 22:57:49'),
(106, 3, 'quyen', '2025-06-26 22:56:51', '2025-06-26 22:57:35'),
(107, 3, 'quyen', '2025-06-26 22:57:59', '2025-06-26 22:59:21'),
(108, 2, 'minh', '2025-06-26 22:59:24', '2025-06-26 23:07:47'),
(109, 3, 'quyen', '2025-06-26 23:07:51', '2025-06-26 23:07:59'),
(110, 2, 'minh', '2025-06-26 23:08:02', '2025-06-26 23:08:08'),
(111, 3, 'quyen', '2025-06-26 23:08:11', '2025-06-26 23:13:40'),
(112, 2, 'minh', '2025-06-26 23:13:43', '2025-06-26 23:17:12'),
(113, 2, 'minh', '2025-06-26 23:17:16', '2025-06-26 23:18:13'),
(114, 3, 'quyen', '2025-06-26 23:18:16', '2025-06-27 11:02:58'),
(115, 2, 'minh', '2025-06-27 11:03:01', '2025-06-27 11:03:59'),
(116, 3, 'quyen', '2025-06-27 11:04:03', '2025-06-29 10:40:58'),
(117, 2, 'minh', '2025-06-28 23:11:40', '2025-06-28 23:11:55'),
(118, 2, 'minh', '2025-06-28 23:12:03', '2025-06-29 00:00:26'),
(119, 2, 'minh', '2025-06-29 10:11:49', '2025-06-29 10:40:52'),
(120, 2, 'minh', '2025-06-29 10:41:00', '2025-06-29 18:37:24'),
(121, 3, 'quyen', '2025-06-29 10:41:27', '2025-06-29 10:41:34'),
(122, 3, 'quyen', '2025-06-29 18:37:27', '2025-06-29 19:10:46'),
(123, 2, 'minh', '2025-06-29 19:10:49', '2025-06-29 19:11:15'),
(124, 3, 'quyen', '2025-06-29 19:11:18', '2025-06-29 19:35:26'),
(125, 2, 'minh', '2025-06-29 19:35:29', '2025-06-29 19:52:29'),
(126, 3, 'quyen', '2025-06-29 19:50:33', '2025-06-29 19:52:25'),
(127, 3, 'quyen', '2025-06-29 19:52:32', '2025-06-29 20:03:35'),
(128, 2, 'minh', '2025-06-29 20:03:39', '2025-06-29 20:04:39'),
(129, 3, 'quyen', '2025-06-29 20:04:42', '2025-06-29 20:09:16'),
(130, 2, 'minh', '2025-06-29 20:09:20', '2025-06-29 22:15:23'),
(131, 2, 'minh', '2025-06-29 22:21:30', '2025-06-30 06:41:26'),
(132, 3, 'quyen', '2025-06-30 06:41:50', '2025-06-30 06:43:37'),
(133, 2, 'minh', '2025-06-30 06:43:41', '2025-06-30 06:44:15');

--
-- Chỉ mục cho các bảng đã đổ
--

--
-- Chỉ mục cho bảng `order_logs`
--
ALTER TABLE `order_logs`
  ADD PRIMARY KEY (`id`),
  ADD KEY `order_id` (`order_id`),
  ADD KEY `fk_logs_customer` (`customer_id`);

--
-- Chỉ mục cho bảng `payment_orders`
--
ALTER TABLE `payment_orders`
  ADD PRIMARY KEY (`id`),
  ADD KEY `fk_payment_customer_id` (`customer_id`);

--
-- Chỉ mục cho bảng `tbl_customer_orders`
--
ALTER TABLE `tbl_customer_orders`
  ADD PRIMARY KEY (`id`),
  ADD KEY `fk_order_staff` (`staff_id`);

--
-- Chỉ mục cho bảng `tbl_customer_order_details`
--
ALTER TABLE `tbl_customer_order_details`
  ADD PRIMARY KEY (`id`),
  ADD KEY `order_id` (`order_id`),
  ADD KEY `product_id` (`product_id`);

--
-- Chỉ mục cho bảng `tbl_danhmuc`
--
ALTER TABLE `tbl_danhmuc`
  ADD PRIMARY KEY (`id`);

--
-- Chỉ mục cho bảng `tbl_hoadon`
--
ALTER TABLE `tbl_hoadon`
  ADD PRIMARY KEY (`id`),
  ADD KEY `fk_hd_user` (`user_id`);

--
-- Chỉ mục cho bảng `tbl_hoadon_chitiet`
--
ALTER TABLE `tbl_hoadon_chitiet`
  ADD PRIMARY KEY (`id`),
  ADD KEY `fk_hdct_sp` (`sanpham_id`),
  ADD KEY `hoadon_id` (`hoadon_id`);

--
-- Chỉ mục cho bảng `tbl_khachhang`
--
ALTER TABLE `tbl_khachhang`
  ADD PRIMARY KEY (`id`),
  ADD UNIQUE KEY `username` (`username`);

--
-- Chỉ mục cho bảng `tbl_sanpham`
--
ALTER TABLE `tbl_sanpham`
  ADD PRIMARY KEY (`id`),
  ADD KEY `fk_sanpham_danhmuc` (`iddm`);

--
-- Chỉ mục cho bảng `tbl_staff`
--
ALTER TABLE `tbl_staff`
  ADD PRIMARY KEY (`id`);

--
-- Chỉ mục cho bảng `tbl_thongke_ngay`
--
ALTER TABLE `tbl_thongke_ngay`
  ADD PRIMARY KEY (`id`),
  ADD UNIQUE KEY `ngay` (`ngay`),
  ADD KEY `user_id` (`user_id`);

--
-- Chỉ mục cho bảng `tbl_thongke_sanpham`
--
ALTER TABLE `tbl_thongke_sanpham`
  ADD PRIMARY KEY (`id`),
  ADD KEY `thongke_id` (`thongke_id`),
  ADD KEY `sanpham_id` (`sanpham_id`);

--
-- Chỉ mục cho bảng `tbl_user`
--
ALTER TABLE `tbl_user`
  ADD PRIMARY KEY (`id`);

--
-- Chỉ mục cho bảng `tbl_working_time`
--
ALTER TABLE `tbl_working_time`
  ADD PRIMARY KEY (`id`),
  ADD KEY `fk_wk_user` (`user_id`);

--
-- AUTO_INCREMENT cho các bảng đã đổ
--

--
-- AUTO_INCREMENT cho bảng `order_logs`
--
ALTER TABLE `order_logs`
  MODIFY `id` int(11) NOT NULL AUTO_INCREMENT, AUTO_INCREMENT=9;

--
-- AUTO_INCREMENT cho bảng `payment_orders`
--
ALTER TABLE `payment_orders`
  MODIFY `id` int(11) NOT NULL AUTO_INCREMENT, AUTO_INCREMENT=47;

--
-- AUTO_INCREMENT cho bảng `tbl_customer_orders`
--
ALTER TABLE `tbl_customer_orders`
  MODIFY `id` int(11) NOT NULL AUTO_INCREMENT, AUTO_INCREMENT=47;

--
-- AUTO_INCREMENT cho bảng `tbl_customer_order_details`
--
ALTER TABLE `tbl_customer_order_details`
  MODIFY `id` int(11) NOT NULL AUTO_INCREMENT, AUTO_INCREMENT=93;

--
-- AUTO_INCREMENT cho bảng `tbl_danhmuc`
--
ALTER TABLE `tbl_danhmuc`
  MODIFY `id` int(11) NOT NULL AUTO_INCREMENT, AUTO_INCREMENT=42;

--
-- AUTO_INCREMENT cho bảng `tbl_hoadon`
--
ALTER TABLE `tbl_hoadon`
  MODIFY `id` int(11) NOT NULL AUTO_INCREMENT, AUTO_INCREMENT=249;

--
-- AUTO_INCREMENT cho bảng `tbl_hoadon_chitiet`
--
ALTER TABLE `tbl_hoadon_chitiet`
  MODIFY `id` int(11) NOT NULL AUTO_INCREMENT, AUTO_INCREMENT=482;

--
-- AUTO_INCREMENT cho bảng `tbl_khachhang`
--
ALTER TABLE `tbl_khachhang`
  MODIFY `id` int(11) NOT NULL AUTO_INCREMENT, AUTO_INCREMENT=4;

--
-- AUTO_INCREMENT cho bảng `tbl_sanpham`
--
ALTER TABLE `tbl_sanpham`
  MODIFY `id` int(11) NOT NULL AUTO_INCREMENT, AUTO_INCREMENT=71;

--
-- AUTO_INCREMENT cho bảng `tbl_staff`
--
ALTER TABLE `tbl_staff`
  MODIFY `id` int(11) NOT NULL AUTO_INCREMENT, AUTO_INCREMENT=11;

--
-- AUTO_INCREMENT cho bảng `tbl_thongke_ngay`
--
ALTER TABLE `tbl_thongke_ngay`
  MODIFY `id` int(11) NOT NULL AUTO_INCREMENT, AUTO_INCREMENT=110;

--
-- AUTO_INCREMENT cho bảng `tbl_thongke_sanpham`
--
ALTER TABLE `tbl_thongke_sanpham`
  MODIFY `id` int(11) NOT NULL AUTO_INCREMENT, AUTO_INCREMENT=45393;

--
-- AUTO_INCREMENT cho bảng `tbl_user`
--
ALTER TABLE `tbl_user`
  MODIFY `id` int(11) NOT NULL AUTO_INCREMENT, AUTO_INCREMENT=35;

--
-- AUTO_INCREMENT cho bảng `tbl_working_time`
--
ALTER TABLE `tbl_working_time`
  MODIFY `id` int(11) NOT NULL AUTO_INCREMENT, AUTO_INCREMENT=136;

--
-- Các ràng buộc cho các bảng đã đổ
--

--
-- Các ràng buộc cho bảng `order_logs`
--
ALTER TABLE `order_logs`
  ADD CONSTRAINT `fk_logs_customer` FOREIGN KEY (`customer_id`) REFERENCES `tbl_khachhang` (`id`) ON DELETE SET NULL ON UPDATE CASCADE,
  ADD CONSTRAINT `order_logs_ibfk_1` FOREIGN KEY (`order_id`) REFERENCES `tbl_customer_orders` (`id`);

--
-- Các ràng buộc cho bảng `payment_orders`
--
ALTER TABLE `payment_orders`
  ADD CONSTRAINT `fk_payment_customer` FOREIGN KEY (`customer_id`) REFERENCES `tbl_khachhang` (`id`) ON DELETE SET NULL ON UPDATE CASCADE,
  ADD CONSTRAINT `fk_payment_customer_id` FOREIGN KEY (`customer_id`) REFERENCES `tbl_khachhang` (`id`) ON DELETE SET NULL ON UPDATE CASCADE;

--
-- Các ràng buộc cho bảng `tbl_customer_orders`
--
ALTER TABLE `tbl_customer_orders`
  ADD CONSTRAINT `fk_order_staff` FOREIGN KEY (`staff_id`) REFERENCES `tbl_staff` (`id`) ON DELETE SET NULL ON UPDATE CASCADE;

--
-- Các ràng buộc cho bảng `tbl_customer_order_details`
--
ALTER TABLE `tbl_customer_order_details`
  ADD CONSTRAINT `tbl_customer_order_details_ibfk_1` FOREIGN KEY (`order_id`) REFERENCES `tbl_customer_orders` (`id`),
  ADD CONSTRAINT `tbl_customer_order_details_ibfk_2` FOREIGN KEY (`product_id`) REFERENCES `tbl_sanpham` (`id`);

--
-- Các ràng buộc cho bảng `tbl_hoadon`
--
ALTER TABLE `tbl_hoadon`
  ADD CONSTRAINT `fk_hd_user` FOREIGN KEY (`user_id`) REFERENCES `tbl_user` (`id`),
  ADD CONSTRAINT `fk_user_hoadon` FOREIGN KEY (`user_id`) REFERENCES `tbl_user` (`id`);

--
-- Các ràng buộc cho bảng `tbl_hoadon_chitiet`
--
ALTER TABLE `tbl_hoadon_chitiet`
  ADD CONSTRAINT `fk_hdct_sp` FOREIGN KEY (`sanpham_id`) REFERENCES `tbl_sanpham` (`id`),
  ADD CONSTRAINT `tbl_hoadon_chitiet_ibfk_2` FOREIGN KEY (`hoadon_id`) REFERENCES `tbl_hoadon` (`id`);

--
-- Các ràng buộc cho bảng `tbl_sanpham`
--
ALTER TABLE `tbl_sanpham`
  ADD CONSTRAINT `fk_sanpham_danhmuc` FOREIGN KEY (`iddm`) REFERENCES `tbl_danhmuc` (`id`);

--
-- Các ràng buộc cho bảng `tbl_thongke_ngay`
--
ALTER TABLE `tbl_thongke_ngay`
  ADD CONSTRAINT `tbl_thongke_ngay_ibfk_1` FOREIGN KEY (`user_id`) REFERENCES `tbl_user` (`id`);

--
-- Các ràng buộc cho bảng `tbl_thongke_sanpham`
--
ALTER TABLE `tbl_thongke_sanpham`
  ADD CONSTRAINT `fk_thongke_sanpham_sp` FOREIGN KEY (`sanpham_id`) REFERENCES `tbl_sanpham` (`id`) ON DELETE CASCADE,
  ADD CONSTRAINT `fk_thongke_sanpham_thongke` FOREIGN KEY (`thongke_id`) REFERENCES `tbl_thongke_ngay` (`id`) ON DELETE CASCADE;

--
-- Các ràng buộc cho bảng `tbl_working_time`
--
ALTER TABLE `tbl_working_time`
  ADD CONSTRAINT `fk_wk_user` FOREIGN KEY (`user_id`) REFERENCES `tbl_user` (`id`);
COMMIT;

/*!40101 SET CHARACTER_SET_CLIENT=@OLD_CHARACTER_SET_CLIENT */;
/*!40101 SET CHARACTER_SET_RESULTS=@OLD_CHARACTER_SET_RESULTS */;
/*!40101 SET COLLATION_CONNECTION=@OLD_COLLATION_CONNECTION */;
